id,salary_min,salary_max,redirect_url,description,adref,company,created,title,contract_type,salary_is_predicted,__CLASS__,location,category,contract_time,longitude,latitude
5596746595,104000.0,104260.0,https://www.adzuna.co.uk/jobs/details/5596746595?utm_medium=api&utm_source=aa88ce77,"BA for Data Analysis Location - London - 2-3 days on site per week Period of 6 months £400 inside IR35 - umbrella only Project summary: The Collateral Lending project aims to create a harmonized data store and automated reporting process for collateral data across the lending business in the Investment Bank (ex. Corporate) and Markets. Data systems and processes are fragmented today across business, credit risk and finance. The project will largely leverage existing systems (in-house and 3rd pa…",eyJhbGciOiJIUzI1NiJ9.eyJpIjoiNTU5Njc0NjU5NSIsInMiOiJzSnVzcTRRSDhSR0VpOEJ6Q05zSjhnIn0.g5toUqfkr-BGSVxwR8Hewi29yMZ09qwPDXhh9SmacOM,"{'__CLASS__': 'Adzuna::API::Response::Company', 'display_name': 'Experis'}",2026-01-23T02:50:42Z,BA - for Data Analysis,contract,0,Adzuna::API::Response::Job,"{'display_name': 'The City, Central London', '__CLASS__': 'Adzuna::API::Response::Location', 'area': ['UK', 'London', 'Central London', 'The City']}","{'tag': 'accounting-finance-jobs', '__CLASS__': 'Adzuna::API::Response::Category', 'label': 'Accounting & Finance Jobs'}",,,
5624515202,32926.0,32926.0,https://www.adzuna.co.uk/jobs/details/5624515202?utm_medium=api&utm_source=aa88ce77,"We are currently recruiting for a Data Analysis ( EO2 grade ) for our client based in Belfast City Centre. The successful candidates will be required to start once the vetting paperwork and ANI completed. Start date: ASAP Rate of pay: £15.83 Duration: 6 months ( review to be extended ) Hours of work : Full time 37 Hours per week Key Responsibilities: * Able to follow instructions, guidance including established practices by EO1. * Able to Identify anomalies / inconsistencies and give attention …",eyJhbGciOiJIUzI1NiJ9.eyJpIjoiNTYyNDUxNTIwMiIsInMiOiJzSnVzcTRRSDhSR0VpOEJ6Q05zSjhnIn0.TYg5dHSt7jFZHiJcYCe9MPLww8e-WI3Ngwifu9TkCiI,"{'display_name': 'The Recruitment Co', '__CLASS__': 'Adzuna::API::Response::Company'}",2026-02-11T18:20:03Z,EO2 -Data Analysis,contract,0,Adzuna::API::Response::Job,"{'__CLASS__': 'Adzuna::API::Response::Location', 'area': ['UK', 'Northern Ireland', 'Belfast', 'Ormeau'], 'display_name': 'Ormeau, Belfast'}","{'tag': 'admin-jobs', '__CLASS__': 'Adzuna::API::Response::Category', 'label': 'Admin Jobs'}",full_time,-5.922811,54.599701
5616229246,100000.0,100000.0,https://www.adzuna.co.uk/jobs/details/5616229246?utm_medium=api&utm_source=aa88ce77,"Director - Data & Analysis £Up to £130,000 GBP Annual Bonus, Car Allowance, Private Healthcare Hybrid WORKING Location: London, Central London, Greater London - United Kingdom Type: Permanent Director of Data & Analytics Join an award-winning global change and transformation consultancy consistently recognised for excellence in leadership development, innovation, and workplace culture. This organisation is widely regarded as a top-tier place to grow a career in data and analytics, combining str…",eyJhbGciOiJIUzI1NiJ9.eyJzIjoic0p1c3E0UUg4UkdFaThCekNOc0o4ZyIsImkiOiI1NjE2MjI5MjQ2In0.FBWz9_O0he_nUlGh8f3L-dcMysvJM_nVlgQFtTDaox8,"{'display_name': 'Anson Mccade', '__CLASS__': 'Adzuna::API::Response::Company'}",2026-02-05T21:30:33Z,Director - Data & Analysis,permanent,0,Adzuna::API::Response::Job,"{'__CLASS__': 'Adzuna::API::Response::Location', 'area': ['UK', 'London'], 'display_name': 'London, UK'}","{'label': 'IT Jobs', '__CLASS__': 'Adzuna::API::Response::Category', 'tag': 'it-jobs'}",,,
5591545174,0.0,50000.0,https://www.adzuna.co.uk/jobs/land/ad/5591545174?se=sJusq4QH8RGEi8BzCNsJ8g&utm_medium=api&utm_source=aa88ce77&v=244AA4725219EC958FF9635C369396CC097D7E5A,"Location: Remote (UK) Remote: Yes Job Type: Full Time Salary: Up to £50,000 Data Index Academy is building structured learning paths for people developing practical skills in data analysis and business intelligence. The Curriculum Lead owns the end-to-end curriculum strategy for the Data Analysis and BI track, ensuring learning outcomes align with real UK job requirements and industry practice. Key responsibilities Define curriculum scope, learning outcomes, and progression routes (beginner to …",eyJhbGciOiJIUzI1NiJ9.eyJpIjoiNTU5MTU0NTE3NCIsInMiOiJzSnVzcTRRSDhSR0VpOEJ6Q05zSjhnIn0.tajq6s5Ue1cyZgMfwG_QZEuAdXpWvSguCC5cWt8-CtA,"{'__CLASS__': 'Adzuna::API::Response::Company', 'display_name': 'Data Index'}",2026-01-19T19:25:54Z,Curriculum Lead (Data Analysis and BI) - Fully Remote UK,permanent,0,Adzuna::API::Response::Job,"{'__CLASS__': 'Adzuna::API::Response::Location', 'area': ['UK', 'London'], 'display_name': 'London, UK'}","{'__CLASS__': 'Adzuna::API::Response::Category', 'tag': 'it-jobs', 'label': 'IT Jobs'}",full_time,-0.139134,51.503378
5593535932,34976.88,34976.88,https://www.adzuna.co.uk/jobs/land/ad/5593535932?se=sJusq4QH8RGEi8BzCNsJ8g&utm_medium=api&utm_source=aa88ce77&v=1EB11854254EC22888934D2455D31F09A8359566,"Data Processing & Analysis Officer required for an immediate start with our client, Northern Ireland Fire and Rescue Service Headquarters Lisburn This role will start immediately and will be for a minimum of 6 months. The hours of work are 9am-5pm, Monday-Friday, and the rate of pay is £16.68 per hour The Data Processing & Analysis Officer will be responsible for the day-to-day data extraction, cleansing, methodology development and analysis to provide high quality data and information. Main Du…",eyJhbGciOiJIUzI1NiJ9.eyJpIjoiNTU5MzUzNTkzMiIsInMiOiJzSnVzcTRRSDhSR0VpOEJ6Q05zSjhnIn0.vOkTXuxDYXPMYxsRdTHSM5V3sc5mNx_-1Bs8f0bWn8Y,"{'display_name': 'First Choice Selection Services Ltd', '__CLASS__': 'Adzuna::API::Response::Company'}",2026-01-21T03:50:29Z,Data Processing & Analysis Officer Lisburn,,1,Adzuna::API::Response::Job,"{'__CLASS__': 'Adzuna::API::Response::Location', 'area': ['UK', 'Northern Ireland', 'Lisburn'], 'display_name': 'Lisburn, Northern Ireland'}","{'label': 'IT Jobs', 'tag': 'it-jobs', '__CLASS__': 'Adzuna::API::Response::Category'}",,-6.04273,54.510899
5588829217,29350.0,29350.0,https://www.adzuna.co.uk/jobs/land/ad/5588829217?se=sJusq4QH8RGEi8BzCNsJ8g&utm_medium=api&utm_source=aa88ce77&v=C28B98C5E4FC502AC644A730388EAFFFB8141BDD,"Data Processing & Analysis Officer MCS are seeking a highly motivated, Data Processing & Analysis Officer to join our Corporate Governance & Improvement Directorate based in our Fire Service HQ in Lisburn. In this pivotal role, you will support the delivery of a professional data service that directly informs operational decision-making and community safety outcomes. The Role As part of the Data Processing & Analysis Team, you will be responsible for the day-to-day extraction, cleansing, and an…",eyJhbGciOiJIUzI1NiJ9.eyJpIjoiNTU4ODgyOTIxNyIsInMiOiJzSnVzcTRRSDhSR0VpOEJ6Q05zSjhnIn0.HVqmm-wAZengVtkARDHkrhQaQqCdLahdFaYaVKbSqQI,"{'display_name': 'MCS Group', '__CLASS__': 'Adzuna::API::Response::Company'}",2026-01-17T04:19:50Z,Data Processing & Analysis Officer - Temp,contract,0,Adzuna::API::Response::Job,"{'display_name': 'Lisburn, Northern Ireland', '__CLASS__': 'Adzuna::API::Response::Location', 'area': ['UK', 'Northern Ireland', 'Lisburn']}","{'label': 'IT Jobs', '__CLASS__': 'Adzuna::API::Response::Category', 'tag': 'it-jobs'}",,-6.04273,54.510899
5540268495,65891.71,65891.71,https://www.adzuna.co.uk/jobs/details/5540268495?utm_medium=api&utm_source=aa88ce77,"Statistical Data Analysis Trainer Location London Business Area Data Ref  10048138 Description & Requirements Bloomberg runs on data. Our products are fueled by powerful information. We combine data and context to paint the whole picture for our clients, around the clock - from around the world. In the Data department, we are responsible for delivering this data, news, and analytics through innovative technology - quickly and accurately. We apply problem-solving skills to identify innovative wo…",eyJhbGciOiJIUzI1NiJ9.eyJzIjoic0p1c3E0UUg4UkdFaThCekNOc0o4ZyIsImkiOiI1NTQwMjY4NDk1In0.eGF0NX0Gpxka9LmCncchYEKcOJAUUCyoSs2cX_co4TI,"{'__CLASS__': 'Adzuna::API::Response::Company', 'display_name': 'Bloomberg'}",2025-12-12T19:57:51Z,Statistical Data Analysis Trainer,,1,Adzuna::API::Response::Job,"{'area': ['UK', 'London'], '__CLASS__': 'Adzuna::API::Response::Location', 'display_name': 'London, UK'}","{'label': 'IT Jobs', 'tag': 'it-jobs', '__CLASS__': 'Adzuna::API::Response::Category'}",,,
5615431566,29588.0,33951.0,https://www.adzuna.co.uk/jobs/details/5615431566?utm_medium=api&utm_source=aa88ce77,"Description Grade UE05: £29,588 - £33,951 per annum, pro rata ISG / Library & University Collections (L&UC) / Library Research Support Part time: 9 hours per week Fixed term: until 31 July 2026 The prospective post holder must be: Current student at the University of Edinburgh; and residing in the UK. Must be a UoE student for the duration of the post and eligible to work [9hrs] p/w alongside studies. If you already have an existing work contract with another department within the University of…",eyJhbGciOiJIUzI1NiJ9.eyJzIjoic0p1c3E0UUg4UkdFaThCekNOc0o4ZyIsImkiOiI1NjE1NDMxNTY2In0.3U8G41_qCdOixH4fdYsgqnTdFWr-0mle7pdfnrVxd5E,"{'display_name': 'University of Edinburgh', '__CLASS__': 'Adzuna::API::Response::Company'}",2026-02-05T09:12:04Z,Open Research Data Analysis Intern,contract,0,Adzuna::API::Response::Job,"{'__CLASS__': 'Adzuna::API::Response::Location', 'area': ['UK'], 'display_name': 'UK'}","{'__CLASS__': 'Adzuna::API::Response::Category', 'tag': 'scientific-qa-jobs', 'label': 'Scientific & QA Jobs'}",part_time,,
5569317629,38865.44,38865.44,https://www.adzuna.co.uk/jobs/details/5569317629?utm_medium=api&utm_source=aa88ce77,"I am looking for a skilled Data Analyst / Monitoring & Evaluation (M&E) specialist to support the analysis and reporting of survey data collected for an NGO-style project. The scope of work includes cleaning and validating datasets collected through tools such as KoboToolbox, performing statistical analysis, and producing clear, well-structured reports to support evidence-based decision-making. Key responsibilities include: Cleaning and validating raw survey data (Excel / CSV format) Conducting…",eyJhbGciOiJIUzI1NiJ9.eyJzIjoic0p1c3E0UUg4UkdFaThCekNOc0o4ZyIsImkiOiI1NTY5MzE3NjI5In0.w6h-lB6-ocX3OCCp_KxAexaabEC2-uf6Jk0XVTAx6vU,{'__CLASS__': 'Adzuna::API::Response::Company'},2026-01-06T01:19:21Z,"Survey Data Analysis, Reporting & Dashboard Development",,1,Adzuna::API::Response::Job,"{'area': ['UK'], '__CLASS__': 'Adzuna::API::Response::Location', 'display_name': 'UK'}","{'label': 'IT Jobs', '__CLASS__': 'Adzuna::API::Response::Category', 'tag': 'it-jobs'}",,,
5546900841,54099.67,54099.67,https://www.adzuna.co.uk/jobs/details/5546900841?utm_medium=api&utm_source=aa88ce77,"Who are we? Our mission is to scale intelligence to serve humanity. We’re training and deploying frontier models for developers and enterprises who are building AI systems to power magical experiences like content generation, semantic search, RAG, and agents. We believe that our work is instrumental to the widespread adoption of AI. We obsess over what we build. Each one of us is responsible for contributing to increasing the capabilities of our models and the value they drive for our customers…",eyJhbGciOiJIUzI1NiJ9.eyJpIjoiNTU0NjkwMDg0MSIsInMiOiJzSnVzcTRRSDhSR0VpOEJ6Q05zSjhnIn0.ZArKKfusaF1BFjcLWEJ0kwbys28Xyw2kLEShSQeCPgk,"{'__CLASS__': 'Adzuna::API::Response::Company', 'display_name': 'Cohere'}",2025-12-18T10:06:09Z,"Member of Technical Staff, Data Analysis and Evaluation",,1,Adzuna::API::Response::Job,"{'__CLASS__': 'Adzuna::API::Response::Location', 'area': ['UK', 'London'], 'display_name': 'London, UK'}","{'tag': 'it-jobs', '__CLASS__': 'Adzuna::API::Response::Category', 'label': 'IT Jobs'}",full_time,,
5527404972,31209.87,31209.87,https://www.adzuna.co.uk/jobs/details/5527404972?utm_medium=api&utm_source=aa88ce77,"About Better Cotton Initiative Better Cotton Initiative is a global not-for-profit organisation supporting the production of more equitable and sustainable cotton at farm level. We exist to catalyse the cotton farming community with partners, governments and others to continuously drive positive impact by setting standards and facilitating the supply and demand of more sustainable cotton from farm to brand. In just 15 years we have aligned more than a fifth of the world’s cotton with our standa…",eyJhbGciOiJIUzI1NiJ9.eyJpIjoiNTUyNzQwNDk3MiIsInMiOiJzSnVzcTRRSDhSR0VpOEJ6Q05zSjhnIn0.D0PceKv9wRt6O1NldW2YTzAI5g2dJehPLm10aDUe6Oo,"{'display_name': 'Better Cotton', '__CLASS__': 'Adzuna::API::Response::Company'}",2025-12-04T16:12:13Z,Global MEL Senior Data Analysis Officer,,1,Adzuna::API::Response::Job,"{'display_name': 'London, UK', 'area': ['UK', 'London'], '__CLASS__': 'Adzuna::API::Response::Location'}","{'tag': 'other-general-jobs', '__CLASS__': 'Adzuna::API::Response::Category', 'label': 'Other/General Jobs'}",full_time,,
5624505643,65805.37,65805.37,https://www.adzuna.co.uk/jobs/details/5624505643?utm_medium=api&utm_source=aa88ce77,"Your new company A media organisation which owns and operates a proprietary technology platform which enables the creation, distribution and monetisation of digital content experiences. They own several leading brands and have offices in New York, London and Tokyo. Your new role They are looking to recruit a Product analyst to join their Owned and Operated team to work on the analysis of advancing subscription, engagement and audience analytics across their digital platforms. This will include …",eyJhbGciOiJIUzI1NiJ9.eyJzIjoic0p1c3E0UUg4UkdFaThCekNOc0o4ZyIsImkiOiI1NjI0NTA1NjQzIn0.dS50W36zUUDXpBQLRXIq99pSQNSdWi8d65-0r7VkZoc,"{'display_name': 'Hays Specialist Recruitment', '__CLASS__': 'Adzuna::API::Response::Company'}",2026-02-11T18:10:40Z,Product/Data Analyst - Data Analysis - AB Testing,permanent,1,Adzuna::API::Response::Job,"{'display_name': 'London, UK', 'area': ['UK', 'London'], '__CLASS__': 'Adzuna::API::Response::Location'}","{'label': 'PR, Advertising & Marketing Jobs', '__CLASS__': 'Adzuna::API::Response::Category', 'tag': 'pr-advertising-marketing-jobs'}",full_time,-0.139134,51.503378
5295888285,50230.47,50230.47,https://www.adzuna.co.uk/jobs/details/5295888285?utm_medium=api&utm_source=aa88ce77,"Why join us? Global Analytics Center (GAC): A mature analytics capability, the Global Analytics Center (GAC), is a hub of advanced analytics competency, providing high-end analytics services across global businesses and global functions. Set-up in India in 2004, GAC has matured into a shared Centre of Excellence comprising 2000 professionals with offices in Bangalore, Kolkata, Guangzhou and Krakow. The work done in GAC forms a vital input towards strategic planning by the senior management for …",eyJhbGciOiJIUzI1NiJ9.eyJzIjoic0p1c3E0UUg4UkdFaThCekNOc0o4ZyIsImkiOiI1Mjk1ODg4Mjg1In0.LmNK5ujOhBruggJ_yjy0aVxztr4b97OjK8NC1ZEZgNY,"{'__CLASS__': 'Adzuna::API::Response::Company', 'display_name': 'hsbc'}",2025-07-10T16:00:47Z,"AVP – Information Management (F24 Data Analysis), GSC’s",contract,1,Adzuna::API::Response::Job,"{'area': ['UK'], '__CLASS__': 'Adzuna::API::Response::Location', 'display_name': 'UK'}","{'label': 'Accounting & Finance Jobs', '__CLASS__': 'Adzuna::API::Response::Category', 'tag': 'accounting-finance-jobs'}",full_time,,
5613925404,30443.87,30443.87,https://www.adzuna.co.uk/jobs/details/5613925404?utm_medium=api&utm_source=aa88ce77,"Data Processing & Analysis Officer - Lisburn - Northern Ireland Fire & Rescue Service Do you come from a data processing / analysis background and are interested in entering the public sector? The Data Processing & Analysis Officer will be responsible for the day-to-day data extraction, cleansing, methodology development and analysis to provide high quality data and information for performance management and information requests . Apply now to express interest in this role with Northern Ireland…",eyJhbGciOiJIUzI1NiJ9.eyJzIjoic0p1c3E0UUg4UkdFaThCekNOc0o4ZyIsImkiOiI1NjEzOTI1NDA0In0.9bFkeeNoiCJt1Kk6D3rMirychibHtCPT3cHt4QVxPHU,"{'display_name': 'Riada Resourcing', '__CLASS__': 'Adzuna::API::Response::Company'}",2026-02-04T17:58:31Z,Data Processing & Analysis Officer,,1,Adzuna::API::Response::Job,"{'display_name': 'Lisburn, Northern Ireland', 'area': ['UK', 'Northern Ireland', 'Lisburn'], '__CLASS__': 'Adzuna::API::Response::Location'}","{'tag': 'it-jobs', '__CLASS__': 'Adzuna::API::Response::Category', 'label': 'IT Jobs'}",,-6.04273,54.510899
5621845057,45000.0,50000.0,https://www.adzuna.co.uk/jobs/details/5621845057?utm_medium=api&utm_source=aa88ce77,"National Data and Analysis Manager London Up to £50,000 Are you a keen analytics professional with a experience in managing people? We are partnering with a charity who are looking for a National Data and Analysis Manager to manage a team of analysts, set objectives and allocate workload with clear opportunities for progression. ROLES AND RESPONSIBILITIES: -Own and deliver national performance and report cycle for internal stakeholders -Lead production of dashboards, reports and monthly KPI pac…",eyJhbGciOiJIUzI1NiJ9.eyJpIjoiNTYyMTg0NTA1NyIsInMiOiJzSnVzcTRRSDhSR0VpOEJ6Q05zSjhnIn0.yET05uFdVGiSK9fvoejNkJ8b_TxO6v37SVyXCZjT7To,"{'display_name': 'Harnham - Data & Analytics Recruitment', '__CLASS__': 'Adzuna::API::Response::Company'}",2026-02-09T22:20:07Z,National Data and Analysis Manager,permanent,0,Adzuna::API::Response::Job,"{'display_name': 'London, UK', '__CLASS__': 'Adzuna::API::Response::Location', 'area': ['UK', 'London']}","{'label': 'IT Jobs', '__CLASS__': 'Adzuna::API::Response::Category', 'tag': 'it-jobs'}",full_time,,
5495658152,50681.34,50681.34,https://www.adzuna.co.uk/jobs/details/5495658152?utm_medium=api&utm_source=aa88ce77,"Job Description: This is a great opportunity for a dynamic and seasoned Sales Executive with 7 years staffing experience to join our fully remote national sales team. If you are in search of a niche in the Staffing industry that brings innovation to the way you can deliver staffing services to your clients, this is a great opportunity for you to explore. Reflik is where the industry is going. You will be prospecting and closing new business opportunities, building customer relationships, and gr…",eyJhbGciOiJIUzI1NiJ9.eyJpIjoiNTQ5NTY1ODE1MiIsInMiOiJzSnVzcTRRSDhSR0VpOEJ6Q05zSjhnIn0.7e2UlVsyGrscMN_G6QJCcoGVVERJyl5ihDjl3uncbIs,"{'display_name': 'Talent Search PRO', '__CLASS__': 'Adzuna::API::Response::Company'}",2025-11-14T12:17:34Z,"Sr. Sales Executive (CRM and sales software, data analysis, strategic sales)",,1,Adzuna::API::Response::Job,"{'display_name': 'UK', 'area': ['UK'], '__CLASS__': 'Adzuna::API::Response::Location'}","{'label': 'Sales Jobs', '__CLASS__': 'Adzuna::API::Response::Category', 'tag': 'sales-jobs'}",full_time,,
5623890177,51831.23,51831.23,https://www.adzuna.co.uk/jobs/details/5623890177?utm_medium=api&utm_source=aa88ce77,"Job Description We are seeking a Data Research Analysis Manager to join our team and assist our editorial team in creating top-quality content. In this role, you will lead a team that provides competitive analysis on the market and ensures the quality and accuracy of data collection and analysis for various subjects. Your team’s research and analysis will be a key component of making trustworthy, relevant assessments of products and services, and will help thousands of consumers make informed d…",eyJhbGciOiJIUzI1NiJ9.eyJpIjoiNTYyMzg5MDE3NyIsInMiOiJzSnVzcTRRSDhSR0VpOEJ6Q05zSjhnIn0.M9clOzkxarxNqh9vRLtgtVlYHD4Y0Ph-8eyJNRQNg4s,"{'__CLASS__': 'Adzuna::API::Response::Company', 'display_name': 'Forbes Advisor'}",2026-02-11T06:04:12Z,Data Research Analysis Manager (Remote),,1,Adzuna::API::Response::Job,"{'area': ['UK', 'London'], '__CLASS__': 'Adzuna::API::Response::Location', 'display_name': 'London, UK'}","{'label': 'IT Jobs', 'tag': 'it-jobs', '__CLASS__': 'Adzuna::API::Response::Category'}",,-0.139134,51.503378
5604823855,55000.0,75000.0,https://www.adzuna.co.uk/jobs/land/ad/5604823855?se=sJusq4QH8RGEi8BzCNsJ8g&utm_medium=api&utm_source=aa88ce77&v=94DDEDE4D783C65FFF76D8309E7AF4291DFDF3FD,"Lead - Clinical Data & Evidence Analysis Location: UK About the Role Are you ready to lead high‑impact projects that shape the future of healthcare? We're looking for a highly skilled Clinical Data & Evidence Analysis Lead to drive commercial success through robust scientific and clinical evidence. In this pivotal role, you'll guide strategic, large‑scale projects that evaluate clinical and scientific data related to Medical Device products and core market indications. Your insights will direct…",eyJhbGciOiJIUzI1NiJ9.eyJpIjoiNTYwNDgyMzg1NSIsInMiOiJzSnVzcTRRSDhSR0VpOEJ6Q05zSjhnIn0.-64R99ivu0LvuGte-8t-90EpJsRSyCbJ7NIYMUnvX-Y,"{'display_name': 'SRG', '__CLASS__': 'Adzuna::API::Response::Company'}",2026-01-29T16:51:43Z,Clinical Data & Evidence Analysis Lead,,0,Adzuna::API::Response::Job,"{'__CLASS__': 'Adzuna::API::Response::Location', 'area': ['UK'], 'display_name': 'UK'}","{'label': 'Scientific & QA Jobs', '__CLASS__': 'Adzuna::API::Response::Category', 'tag': 'scientific-qa-jobs'}",full_time,,
5606172963,70349.23,70349.23,https://www.adzuna.co.uk/jobs/details/5606172963?utm_medium=api&utm_source=aa88ce77,"Description Associate, Data Management & Quantitative Analysis II At BNY, our culture allows us to run our company better and enables employees’ growth and success. As a leading global financial services company at the heart of the global financial system, we influence nearly 20% of the world’s investible assets. Every day, our teams harness cutting-edge AI and breakthrough technologies to collaborate with clients, driving transformative solutions that redefine industries and uplift communities…",eyJhbGciOiJIUzI1NiJ9.eyJzIjoic0p1c3E0UUg4UkdFaThCekNOc0o4ZyIsImkiOiI1NjA2MTcyOTYzIn0.2h2tvH6OXPSuBQcK0Dhz3Y9ICu2eD9Tb4uRdRzyrzY4,"{'display_name': 'BNY Mellon', '__CLASS__': 'Adzuna::API::Response::Company'}",2026-01-30T15:54:53Z,"Associate, Data Management & Quantitative Analysis II",,1,Adzuna::API::Response::Job,"{'area': ['UK', 'North West England', 'Greater Manchester', 'Manchester', 'Manchester Science Park'], '__CLASS__': 'Adzuna::API::Response::Location', 'display_name': 'Manchester Science Park, Manchester'}","{'tag': 'accounting-finance-jobs', '__CLASS__': 'Adzuna::API::Response::Category', 'label': 'Accounting & Finance Jobs'}",full_time,-2.236441,53.480337
5624250347,37950.0,37950.0,https://www.adzuna.co.uk/jobs/details/5624250347?utm_medium=api&utm_source=aa88ce77,We are Data Science Services (DSS). Our team is key to providing the best available evidence to underpin the work of Natural England and our partners in supporting thriving nature for people and planet. We provide expert analytical and data management services and ensure access to evidence through online systems and scientific publications. Job description The Team We are Data Science Services (DSS). Our team is key to providing the best available evidence to underpin the work of Natural Englan…,eyJhbGciOiJIUzI1NiJ9.eyJpIjoiNTYyNDI1MDM0NyIsInMiOiJzSnVzcTRRSDhSR0VpOEJ6Q05zSjhnIn0.vvSoq_jg-cS2lrgQR5cIhBAglJyQlmxx5wO_aMgeR6g,"{'display_name': 'Natural England', '__CLASS__': 'Adzuna::API::Response::Company'}",2026-02-11T12:59:30Z,6393 - Senior Data Scientist – Geospatial Analysis and Modelling,permanent,0,Adzuna::API::Response::Job,"{'__CLASS__': 'Adzuna::API::Response::Location', 'area': ['UK'], 'display_name': 'UK'}","{'__CLASS__': 'Adzuna::API::Response::Category', 'tag': 'scientific-qa-jobs', 'label': 'Scientific & QA Jobs'}",full_time,,
5593243039,52000.0,52000.0,https://www.adzuna.co.uk/jobs/details/5593243039?utm_medium=api&utm_source=aa88ce77,"Management Accountant, Huntingdon | Hybrid, £25/hour Your new company Hays Accountancy & Finance are working with a leading organisation in the utilities sector to recruit a Management Accountant to join their Finance team in Huntingdon on a temporary basis. Your new role Your key responsibilities will include: Owning the monthly management accounts process Analysing Financial data Budgeting Forecasting Reconciliations What you'll need to succeed Strong experience in a Management Accounting rol…",eyJhbGciOiJIUzI1NiJ9.eyJpIjoiNTU5MzI0MzAzOSIsInMiOiJzSnVzcTRRSDhSR0VpOEJ6Q05zSjhnIn0.qqZmlwQPlMjfDXtJbNV1nZ4zxPS0Mru79r3EenELJMA,"{'display_name': 'Hays', '__CLASS__': 'Adzuna::API::Response::Company'}",2026-01-20T23:06:02Z,Management Accountant,contract,0,Adzuna::API::Response::Job,"{'display_name': 'Huntingdon, Cambridgeshire', 'area': ['UK', 'Eastern England', 'Cambridgeshire', 'Huntingdon'], '__CLASS__': 'Adzuna::API::Response::Location'}","{'label': 'Accounting & Finance Jobs', '__CLASS__': 'Adzuna::API::Response::Category', 'tag': 'accounting-finance-jobs'}",,,
5546804271,0.0,30000.0,https://www.adzuna.co.uk/jobs/details/5546804271?utm_medium=api&utm_source=aa88ce77,"Customer Sales Coordinator | Bury St Edmunds | £Competitive  bonus (dependent on experience) Your new company A manufacturing business based on the outskirts of Bury St Edmunds. Your new role This is a newly created Customer Sales Coordinator job, where you will need to be highly organised and analytical in your approach as you support a successful sales team. You will be responsible for providing data-driven insights, generating and qualifying leads and managing all aspects of administration t…",eyJhbGciOiJIUzI1NiJ9.eyJzIjoic0p1c3E0UUg4UkdFaThCekNOc0o4ZyIsImkiOiI1NTQ2ODA0MjcxIn0.59VM2k4Wi-UGAILWKM_wR_QbOMS8F1RYeMchHwa6_zs,"{'display_name': 'HAYS', '__CLASS__': 'Adzuna::API::Response::Company'}",2025-12-18T07:18:24Z,Customer Sales Coordinator,,0,Adzuna::API::Response::Job,"{'display_name': 'Bury St. Edmunds, Suffolk', '__CLASS__': 'Adzuna::API::Response::Location', 'area': ['UK', 'Eastern England', 'Suffolk', 'Bury St. Edmunds']}","{'label': 'Sales Jobs', 'tag': 'sales-jobs', '__CLASS__': 'Adzuna::API::Response::Category'}",,,
5600787818,29000.0,29000.0,https://www.adzuna.co.uk/jobs/details/5600787818?utm_medium=api&utm_source=aa88ce77,Office Administrator - Armagh Your new company Hays Recruitment are recruiting on behalf of a dynamic and forward-thinking organisation based in Armagh. We are currently seeking an Experienced Administrator to join the team on a permanent basis. Hours of work is Monday - Thursday 8.30-5 and Friday 8.30-2. Salary is £29k and offer private health insurance. The company is also considering offering hybrid working from home 1 day a week too. This is a fantastic opportunity to become part of a growi…,eyJhbGciOiJIUzI1NiJ9.eyJpIjoiNTYwMDc4NzgxOCIsInMiOiJzSnVzcTRRSDhSR0VpOEJ6Q05zSjhnIn0.oGBgSTXMbdETTPCkeHF_ozRMse0BJIO1LBQo3iwi7w4,"{'__CLASS__': 'Adzuna::API::Response::Company', 'display_name': 'Hays'}",2026-01-26T09:28:58Z,Office Administrator,permanent,0,Adzuna::API::Response::Job,"{'display_name': 'Armagh, Northern Ireland', '__CLASS__': 'Adzuna::API::Response::Location', 'area': ['UK', 'Northern Ireland', 'Armagh']}","{'label': 'Admin Jobs', '__CLASS__': 'Adzuna::API::Response::Category', 'tag': 'admin-jobs'}",,-6.65611,54.3475
5549283378,59584.71,59584.71,https://www.adzuna.co.uk/jobs/details/5549283378?utm_medium=api&utm_source=aa88ce77,"Interim Head of Finance - Pharmaceutical Business Your new company I am currently working with an established and listed pharmaceutical company with headquarters in London who are renowned for creating exciting therapies. The company has a presence in other parts of the world, including France, Germany and Japan. Your new role The business is seeking a Systems Accountant to start in the new year to bridge an ERP gap. This is a pivotal role where you will ensure that the companies' finance syste…",eyJhbGciOiJIUzI1NiJ9.eyJpIjoiNTU0OTI4MzM3OCIsInMiOiJzSnVzcTRRSDhSR0VpOEJ6Q05zSjhnIn0.uA7d-Bp4f1sY3onzEdlyisJTHLDxI_Dy-XERId09dCA,"{'__CLASS__': 'Adzuna::API::Response::Company', 'display_name': 'HAYS'}",2025-12-19T23:37:07Z,Interim Systems Accountant,,1,Adzuna::API::Response::Job,"{'area': ['UK', 'London'], '__CLASS__': 'Adzuna::API::Response::Location', 'display_name': 'London, UK'}","{'label': 'Accounting & Finance Jobs', 'tag': 'accounting-finance-jobs', '__CLASS__': 'Adzuna::API::Response::Category'}",,,
5611860221,30000.0,50000.0,https://www.adzuna.co.uk/jobs/land/ad/5611860221?se=sJusq4QH8RGEi8BzCNsJ8g&utm_medium=api&utm_source=aa88ce77&v=57C4A979C254543340B1C9B7F1B8915DA5B0B13E,"Are you looking to benefit from a new career in Data Analysis? If you are detail orientated, perceptive, organised, competent, analytical and can communicate well with those around you; you could have a truly rewarding future as a Data Analyst We do this using our specialised Data Analyst career programme which looks to assist and place qualified candidates into a career pathway in Data Analysis. Please note this career program is designed for entry level individuals with limited or no experien…",eyJhbGciOiJIUzI1NiJ9.eyJzIjoic0p1c3E0UUg4UkdFaThCekNOc0o4ZyIsImkiOiI1NjExODYwMjIxIn0.87fLw19CCjSzlnBJOeLPcmilGKHt_VMJNCQRk_mrSr4,"{'__CLASS__': 'Adzuna::API::Response::Company', 'display_name': 'ITOL Recruit'}",2026-02-03T16:08:41Z,Data Analyst Trainee,permanent,0,Adzuna::API::Response::Job,"{'display_name': 'UK', 'area': ['UK'], '__CLASS__': 'Adzuna::API::Response::Location'}","{'__CLASS__': 'Adzuna::API::Response::Category', 'tag': 'it-jobs', 'label': 'IT Jobs'}",full_time,,
5546804360,28000.0,33000.0,https://www.adzuna.co.uk/jobs/details/5546804360?utm_medium=api&utm_source=aa88ce77,"Commercial Admin (Projects) About the Role We are seeking a highly proficient Commercial Administrator (Projects Team) to join a dynamic commercial team. This role focusses on commercial admin tasks around projects and tenders management and new development opportunities. KEY Vacancy information Permanent job Full time hours Office based predominantly with potential for 20% hybrid working week Location - Chesterfield Salary guide £28,000 - £33,000 The successful candidate will be a proven comme…",eyJhbGciOiJIUzI1NiJ9.eyJzIjoic0p1c3E0UUg4UkdFaThCekNOc0o4ZyIsImkiOiI1NTQ2ODA0MzYwIn0.KG4AR4pxBEaXez3fziiISD4F2e81xulNGTrxjPkQSX4,"{'__CLASS__': 'Adzuna::API::Response::Company', 'display_name': 'HAYS'}",2025-12-18T07:18:25Z,Commercial Administrator - projects,permanent,0,Adzuna::API::Response::Job,"{'display_name': 'Chesterfield, Derbyshire', 'area': ['UK', 'East Midlands', 'Derbyshire', 'Chesterfield'], '__CLASS__': 'Adzuna::API::Response::Location'}","{'tag': 'admin-jobs', '__CLASS__': 'Adzuna::API::Response::Category', 'label': 'Admin Jobs'}",full_time,-1.42415,53.235401
5622586824,50000.0,55000.0,https://www.adzuna.co.uk/jobs/details/5622586824?utm_medium=api&utm_source=aa88ce77,"Finance Analyst job, Farnborough, Hampshire paying up to £55k  Bonus  Hybrid Working Your new company You will be joining a growing UK-based group in their Head Office in the centre of Farnborough, Hampshire. The business has been in existence for over 20 years and in the last 4 years has doubled through acquisition. Your new role Reporting to the Head of Finance, you will be taking on a broad role that combines analysis and business partnering. This is a key role where you will take charge of …",eyJhbGciOiJIUzI1NiJ9.eyJzIjoic0p1c3E0UUg4UkdFaThCekNOc0o4ZyIsImkiOiI1NjIyNTg2ODI0In0.TNMX4j5UW5RESNbX6lgXvavYBRYRpIVuTvPJExbfpz8,"{'display_name': 'Hays', '__CLASS__': 'Adzuna::API::Response::Company'}",2026-02-10T13:57:44Z,Finance Analyst,,0,Adzuna::API::Response::Job,"{'display_name': 'Farnborough, Hampshire', '__CLASS__': 'Adzuna::API::Response::Location', 'area': ['UK', 'South East England', 'Hampshire', 'Farnborough']}","{'__CLASS__': 'Adzuna::API::Response::Category', 'tag': 'accounting-finance-jobs', 'label': 'Accounting & Finance Jobs'}",,-0.754624,51.293999
5546804365,26000.0,26000.0,https://www.adzuna.co.uk/jobs/details/5546804365?utm_medium=api&utm_source=aa88ce77,"Preparing reports, presentations, ownership of websites, social media channels, Administration Your new company An exciting opportunity to work for a global, dynamic and innovative organisation. Your new role As a Marketing Assistant / Administrator, you will support the Head of Marketing & Brand in delivering campaigns, promotions, events, and content that drive awareness and sales. This is a hands-on role with exposure to creative, retail, digital, and agency stakeholders, ideal for someone p…",eyJhbGciOiJIUzI1NiJ9.eyJpIjoiNTU0NjgwNDM2NSIsInMiOiJzSnVzcTRRSDhSR0VpOEJ6Q05zSjhnIn0.4QXagGu6jvi1CZHJl_Va_m8eLvnt5xyFjoX7jKqhrIM,"{'display_name': 'HAYS', '__CLASS__': 'Adzuna::API::Response::Company'}",2025-12-18T07:18:25Z,Marketing Administrator / Assistant,,0,Adzuna::API::Response::Job,"{'area': ['UK', 'Eastern England', 'Hertfordshire', 'Watford'], '__CLASS__': 'Adzuna::API::Response::Location', 'display_name': 'Watford, Hertfordshire'}","{'label': 'PR, Advertising & Marketing Jobs', 'tag': 'pr-advertising-marketing-jobs', '__CLASS__': 'Adzuna::API::Response::Category'}",,,
5579302226,93397.97,93397.97,https://www.adzuna.co.uk/jobs/land/ad/5579302226?se=sJusq4QH8RGEi8BzCNsJ8g&utm_medium=api&utm_source=aa88ce77&v=3C6419E44ACF0ACB4A839296ED4B8A7F79143921,"Company Description Wise is a global technology company, building the best way to move and manage the world’s money. Min fees. Max ease. Full speed. Whether people and businesses are sending money to another country, spending abroad, or making and receiving international payments, Wise is on a mission to make their lives easier and save them money. As part of our team, you will be helping us create an entirely new network for the worlds money. For everyone, everywhere. Job Description Senior Da…",eyJhbGciOiJIUzI1NiJ9.eyJpIjoiNTU3OTMwMjIyNiIsInMiOiJzSnVzcTRRSDhSR0VpOEJ6Q05zSjhnIn0.Mco7wdCrkFMhIoMYTU2rWvdaAQ5U6joPxiNnH6VA8Go,"{'display_name': 'Wise', '__CLASS__': 'Adzuna::API::Response::Company'}",2026-01-11T12:05:35Z,Senior Data Science Manager - Financial Planning and Analysis,,1,Adzuna::API::Response::Job,"{'display_name': 'London, UK', 'area': ['UK', 'London'], '__CLASS__': 'Adzuna::API::Response::Location'}","{'label': 'IT Jobs', 'tag': 'it-jobs', '__CLASS__': 'Adzuna::API::Response::Category'}",full_time,-0.139134,51.503378
5604757098,51000.0,55000.0,https://www.adzuna.co.uk/jobs/details/5604757098?utm_medium=api&utm_source=aa88ce77,"Hybrid London role with a major national charity offering work‑life balance and excellent development opps. ABOUT THE ORGANISATION Join one of the UK’s largest and most impactful charities – an organisation delivering life-changing services across communities nationwide. With a long history of social mission, they operate at scale across social welfare, community development, education, homelessness and support services. THE ROLE You will lead the provision of full management accounting support…",eyJhbGciOiJIUzI1NiJ9.eyJpIjoiNTYwNDc1NzA5OCIsInMiOiJzSnVzcTRRSDhSR0VpOEJ6Q05zSjhnIn0.fSvKhM-v3ibAIaZcmKWbayadVjhkoDIft6WxeLkzWiQ,"{'__CLASS__': 'Adzuna::API::Response::Company', 'display_name': 'Hays'}",2026-01-29T15:40:47Z,Finance Business Partner,,0,Adzuna::API::Response::Job,"{'display_name': 'London, UK', 'area': ['UK', 'London'], '__CLASS__': 'Adzuna::API::Response::Location'}","{'label': 'Accounting & Finance Jobs', '__CLASS__': 'Adzuna::API::Response::Category', 'tag': 'accounting-finance-jobs'}",,,
5553091841,50000.0,50000.0,https://www.adzuna.co.uk/jobs/details/5553091841?utm_medium=api&utm_source=aa88ce77,"Management Accountant – 6 month FTC - £50,000 Your new company We are partnering with a well-established organisation seeking a skilled Senior Management Accountant to strengthen their finance team. This is a fantastic opportunity to work on month-end close, P&L analysis, and financial controls within a dynamic and collaborative environment. Your new role As Senior Management Accountant, you will be responsible for: Month-end reporting, including P&L analysis, variance analysis (MoM, YoY, vs bu…",eyJhbGciOiJIUzI1NiJ9.eyJzIjoic0p1c3E0UUg4UkdFaThCekNOc0o4ZyIsImkiOiI1NTUzMDkxODQxIn0.oood6fSN8t5ksZdFJw9cBc0PttaivCJg1PsbmGVvlWE,"{'__CLASS__': 'Adzuna::API::Response::Company', 'display_name': 'HAYS'}",2025-12-23T18:28:15Z,Senior Management Accountant - 6 month contract,contract,0,Adzuna::API::Response::Job,"{'__CLASS__': 'Adzuna::API::Response::Location', 'area': ['UK', 'Wales', 'Cardiff County'], 'display_name': 'Cardiff County, Wales'}","{'label': 'Accounting & Finance Jobs', 'tag': 'accounting-finance-jobs', '__CLASS__': 'Adzuna::API::Response::Category'}",,,
5549283132,39808.39,39808.39,https://www.adzuna.co.uk/jobs/details/5549283132?utm_medium=api&utm_source=aa88ce77,"Associate Finance Analyst  Job SpecificationFinance Analyst (12-Month Maternity Cover) Location: Reading Office (Hybrid – 2–3 days in-person per week) Contract Type: Full-time, Fixed-Term (12 months) Role Overview We are seeking a motivated Finance Analyst to provide maternity cover for a 12-month period. The role combines core finance analyst responsibilities with elements of project work and data analysis. The successful candidate will play a key role in supporting the team with journal posti…",eyJhbGciOiJIUzI1NiJ9.eyJpIjoiNTU0OTI4MzEzMiIsInMiOiJzSnVzcTRRSDhSR0VpOEJ6Q05zSjhnIn0.0sKP3SLgTGOF-135xttFzgkjYy4VAAZKh1SZrZwL3Ww,"{'__CLASS__': 'Adzuna::API::Response::Company', 'display_name': 'HAYS'}",2025-12-19T23:36:58Z,Financial Analyst,contract,1,Adzuna::API::Response::Job,"{'display_name': 'Reading, Berkshire', '__CLASS__': 'Adzuna::API::Response::Location', 'area': ['UK', 'South East England', 'Berkshire', 'Reading']}","{'tag': 'accounting-finance-jobs', '__CLASS__': 'Adzuna::API::Response::Category', 'label': 'Accounting & Finance Jobs'}",full_time,-0.969088,51.455002
5549283077,45184.64,45184.64,https://www.adzuna.co.uk/jobs/details/5549283077?utm_medium=api&utm_source=aa88ce77,"Job Title: Transfer Pricing Manager Your new company This is a leading international professional services firm, recognised for delivering audit, tax, and advisory solutions to a diverse client base. With a strong reputation for technical excellence and a collaborative culture, the firm offers an environment where ambitious professionals can thrive. The transfer pricing team works with multinational businesses across a wide range of sectors, providing innovative solutions to complex pricing cha…",eyJhbGciOiJIUzI1NiJ9.eyJpIjoiNTU0OTI4MzA3NyIsInMiOiJzSnVzcTRRSDhSR0VpOEJ6Q05zSjhnIn0.xcJmsSSknenrqhKov6j80W7UG6jdMRnwqpX1OepeL1E,"{'display_name': 'HAYS', '__CLASS__': 'Adzuna::API::Response::Company'}",2025-12-19T23:36:56Z,Transfer Pricing Manager,,1,Adzuna::API::Response::Job,"{'__CLASS__': 'Adzuna::API::Response::Location', 'area': ['UK', 'Scotland', 'Glasgow', 'Glasgow City Centre'], 'display_name': 'Glasgow City Centre, Glasgow'}","{'tag': 'accounting-finance-jobs', '__CLASS__': 'Adzuna::API::Response::Category', 'label': 'Accounting & Finance Jobs'}",,,
5608489341,35000.0,35000.0,https://www.adzuna.co.uk/jobs/land/ad/5608489341?se=sJusq4QH8RGEi8BzCNsJ8g&utm_medium=api&utm_source=aa88ce77&v=8EF54FA7B97A1B2461BB351655B691A94E82816E,"Systems Support Analyst (NEC Housing/NEC Assure) Location: Ipswich (Hybrid - 2 days per week onsite) Contract: 6-Month FTC (Potential for Permanent) Salary: £36,226 REED Technology are working with a client who are urgently seeking multiple Housing Systems Support Analysts (NEC Housing) to join their internal team. This is a critical role following recent team changes, ensuring continuity of housing systems during a busy period of annual rent increases. You'll play a key part in maintaining and…",eyJhbGciOiJIUzI1NiJ9.eyJzIjoic0p1c3E0UUg4UkdFaThCekNOc0o4ZyIsImkiOiI1NjA4NDg5MzQxIn0.azYLUgT7q0oznSDwGXUBigZdgS-gOQ4Y0Mr_hA3-3GE,"{'display_name': 'Reed Technology', '__CLASS__': 'Adzuna::API::Response::Company'}",2026-02-01T09:06:15Z,Systems Support Analyst (NEC Housing/NEC Assure),permanent,0,Adzuna::API::Response::Job,"{'__CLASS__': 'Adzuna::API::Response::Location', 'area': ['UK', 'Eastern England', 'Suffolk', 'Ipswich'], 'display_name': 'Ipswich, Suffolk'}","{'label': 'IT Jobs', 'tag': 'it-jobs', '__CLASS__': 'Adzuna::API::Response::Category'}",,,
5607507241,27246.0,27246.0,https://www.adzuna.co.uk/jobs/details/5607507241?utm_medium=api&utm_source=aa88ce77,"Wellbeing Administrator Nottingham Temp role with an immediate start Your new company To support the development and implementation of a range of administrative tasks within the Health and Wellbeing Services Team, to maintain effective systems and support the implementation of service delivery and development. Your new role Providing administrative support for service provision within the Counselling Service; managing the administration of referrals, maintaining records and records-keeping syst…",eyJhbGciOiJIUzI1NiJ9.eyJzIjoic0p1c3E0UUg4UkdFaThCekNOc0o4ZyIsImkiOiI1NjA3NTA3MjQxIn0.tQ0f-g-pynWDtgKgGFAvdet_X6OuZRPYhi8nYmPAIwE,"{'display_name': 'Hays', '__CLASS__': 'Adzuna::API::Response::Company'}",2026-01-31T17:54:43Z,Wellbeing Administrator,contract,0,Adzuna::API::Response::Job,"{'__CLASS__': 'Adzuna::API::Response::Location', 'area': ['UK', 'East Midlands', 'Nottinghamshire', 'Nottingham'], 'display_name': 'Nottingham, Nottinghamshire'}","{'tag': 'admin-jobs', '__CLASS__': 'Adzuna::API::Response::Category', 'label': 'Admin Jobs'}",part_time,-1.14917,52.955101
5574025582,51150.3,51150.3,https://www.adzuna.co.uk/jobs/land/ad/5574025582?se=sJusq4QH8RGEi8BzCNsJ8g&utm_medium=api&utm_source=aa88ce77&v=441889C98B1A130A74BCEC1C5B4FE8A476D56495,"Forvis Mazars is a leading global professional services network providing audit & assurance, tax, and advisory services. Forvis Mazars in the UK spans 14 offices across the nation and has over 3,400 professionals, with 190 partners. We have a clear purpose and a shared commitment to shape a better future. You'll join a collaborative and inclusive team where you're supported to grow your skills, explore new opportunities, and contribute from day one. You'll work with a diverse client base, devel…",eyJhbGciOiJIUzI1NiJ9.eyJzIjoic0p1c3E0UUg4UkdFaThCekNOc0o4ZyIsImkiOiI1NTc0MDI1NTgyIn0.PRReZ4ovTzyq1YU49hcZqmJHyLJAhcUhf-n7w2mqYC4,"{'display_name': 'Forvis Mazars', '__CLASS__': 'Adzuna::API::Response::Company'}",2026-01-08T17:35:15Z,Internal Audit - Energy & Infrastructure - Senior Consultant,,1,Adzuna::API::Response::Job,"{'display_name': 'London, UK', 'area': ['UK', 'London'], '__CLASS__': 'Adzuna::API::Response::Location'}","{'__CLASS__': 'Adzuna::API::Response::Category', 'tag': 'accounting-finance-jobs', 'label': 'Accounting & Finance Jobs'}",full_time,-0.139134,51.503378
5623469746,44153.14,44153.14,https://www.adzuna.co.uk/jobs/land/ad/5623469746?se=sJusq4QH8RGEi8BzCNsJ8g&utm_medium=api&utm_source=aa88ce77&v=C32F7096A9BDAE86E181398828BD52080369B5BA,"Job Title : Senior/Principal Naval Architect Location: Barrow-in-Furness, Bristol, Portsmouth or Frimley. We offer a range of hybrid and flexible working arrangements – please speak to your recruiter about the options for this particular role Salary: Competitive What you’ll be doing Conducting analysis and evaluations of submarine platforms manoeuvring performances from concept design to in-service support Undertaking the development, verification and validation of mathematical manoeuvring mode…",eyJhbGciOiJIUzI1NiJ9.eyJpIjoiNTYyMzQ2OTc0NiIsInMiOiJzSnVzcTRRSDhSR0VpOEJ6Q05zSjhnIn0.PWdZaM3uuAaHgAgoXNfgnBU0qojpPyHM6YuoRfbIW2U,"{'__CLASS__': 'Adzuna::API::Response::Company', 'display_name': 'BAE Systems'}",2026-02-10T23:26:59Z,Principal Naval Architect,,1,Adzuna::API::Response::Job,"{'display_name': 'Hucking, Maidstone', '__CLASS__': 'Adzuna::API::Response::Location', 'area': ['UK', 'South East England', 'Kent', 'Maidstone', 'Hucking']}","{'__CLASS__': 'Adzuna::API::Response::Category', 'tag': 'engineering-jobs', 'label': 'Engineering Jobs'}",,0.616066,51.304849
