__CLASS__,contract_time,salary_is_predicted,company,id,created,redirect_url,title,category,location,salary_max,contract_type,salary_min,adref,description,longitude,latitude
Adzuna::API::Response::Job,full_time,0,"{'__CLASS__': 'Adzuna::API::Response::Company', 'display_name': 'ITOL Recruit'}",5611860221,2026-02-03T16:08:41Z,https://www.adzuna.co.uk/jobs/land/ad/5611860221?se=8IOoqoQH8RGT1uycjIUY3g&utm_medium=api&utm_source=aa88ce77&v=57C4A979C254543340B1C9B7F1B8915DA5B0B13E,Data Analyst Trainee,"{'label': 'IT Jobs', 'tag': 'it-jobs', '__CLASS__': 'Adzuna::API::Response::Category'}","{'display_name': 'UK', '__CLASS__': 'Adzuna::API::Response::Location', 'area': ['UK']}",50000.0,permanent,30000.0,eyJhbGciOiJIUzI1NiJ9.eyJpIjoiNTYxMTg2MDIyMSIsInMiOiI4SU9vcW9RSDhSR1QxdXljaklVWTNnIn0.kogPNW37Hli-bS3ufzRKkONDmHXq3hNiURQg6DzU98Q,"Are you looking to benefit from a new career in Data Analysis? If you are detail orientated, perceptive, organised, competent, analytical and can communicate well with those around you; you could have a truly rewarding future as a Data Analyst We do this using our specialised Data Analyst career programme which looks to assist and place qualified candidates into a career pathway in Data Analysis. Please note this career program is designed for entry level individuals with limited or no experien…",,
Adzuna::API::Response::Job,,1,"{'display_name': 'Hays', '__CLASS__': 'Adzuna::API::Response::Company'}",5601257731,2026-01-26T21:44:26Z,https://www.adzuna.co.uk/jobs/land/ad/5601257731?se=8IOoqoQH8RGT1uycjIUY3g&utm_medium=api&utm_source=aa88ce77&v=E7FC4351564B6859BF1949AD17410D2D8E85FA22,Junior Data Analyst,"{'label': 'IT Jobs', '__CLASS__': 'Adzuna::API::Response::Category', 'tag': 'it-jobs'}","{'area': ['UK', 'East Midlands', 'Leicestershire', 'Loughborough'], 'display_name': 'Loughborough, Leicestershire', '__CLASS__': 'Adzuna::API::Response::Location'}",28025.75,permanent,28025.75,eyJhbGciOiJIUzI1NiJ9.eyJzIjoiOElPb3FvUUg4UkdUMXV5Y2pJVVkzZyIsImkiOiI1NjAxMjU3NzMxIn0.T1IRtg0Fxxg4HKoP59RflQ6G8hMUiVkccAENtaNzLPQ,"Job Description Junior Data Analyst | ASAP Start | Permanent Role | Loughborough Based Junior Data AnalystLoughborough £30,000 per annum Monday–Friday | Office‑based (Hybrid after probation) ASAP Start A fantastic opportunity has arisen for a motivated and detail‑driven Junior Data Analyst to join a growing organisation based in Loughborough. This role is perfect for someone who loves working with data, enjoys problem‑solving, and wants to develop their analytical skills within a supportive tea…",-1.20435,52.770802
Adzuna::API::Response::Job,full_time,1,"{'display_name': 'NG Bailey', '__CLASS__': 'Adzuna::API::Response::Company'}",5624478734,2026-02-11T17:23:54Z,https://www.adzuna.co.uk/jobs/land/ad/5624478734?se=8IOoqoQH8RGT1uycjIUY3g&utm_medium=api&utm_source=aa88ce77&v=5DB5C370EE7B0D85166284B98F4C685809D9DD73,HR Data Analyst,"{'label': 'HR & Recruitment Jobs', 'tag': 'hr-jobs', '__CLASS__': 'Adzuna::API::Response::Category'}","{'area': ['UK', 'Yorkshire And The Humber', 'West Yorkshire', 'Leeds'], '__CLASS__': 'Adzuna::API::Response::Location', 'display_name': 'Leeds, West Yorkshire'}",46434.42,permanent,46434.42,eyJhbGciOiJIUzI1NiJ9.eyJzIjoiOElPb3FvUUg4UkdUMXV5Y2pJVVkzZyIsImkiOiI1NjI0NDc4NzM0In0.HKpD2S5-OqolGWGzUjvrtGYormi3drqATYtsPKxhq1U,"HR Data Analyst Leeds – hybrid Permanent Summary We are seeking a strategic and detail-focused HR Data Analyst to enhance how we capture, manage, and use people data. This role is pivotal in ensuring that HR data is accurate, compliant, and insightful which will be supporting both legislative requirements and business decision-making. You will take the lead in designing a fit-for-purpose suite of reports and dashboards, improving data accessibility for employees and managers, and uncovering and…",-1.54912,53.799599
Adzuna::API::Response::Job,full_time,1,"{'__CLASS__': 'Adzuna::API::Response::Company', 'display_name': 'High Finance  Limited T/A HFG'}",5596408525,2026-01-22T23:23:51Z,https://www.adzuna.co.uk/jobs/land/ad/5596408525?se=8IOoqoQH8RGT1uycjIUY3g&utm_medium=api&utm_source=aa88ce77&v=2E1B052E029610AAD87DF82EE4FFC125FC5146D4,Senior Data Analyst,"{'label': 'Accounting & Finance Jobs', '__CLASS__': 'Adzuna::API::Response::Category', 'tag': 'accounting-finance-jobs'}","{'area': ['UK', 'London'], '__CLASS__': 'Adzuna::API::Response::Location', 'display_name': 'London, UK'}",82027.19,permanent,82027.19,eyJhbGciOiJIUzI1NiJ9.eyJzIjoiOElPb3FvUUg4UkdUMXV5Y2pJVVkzZyIsImkiOiI1NTk2NDA4NTI1In0.PK2krA7zc83Tc3lLOwxuexHSY64dne4He7r5rXRU22I,"An exciting, city-based Insurance MGA business is looking to appoint a Senior Data Analyst to play a crucial role in managing data and data feeds from all areas of the business and will be accountable for building the data flows and applying validation / controls. Key Requirements: · Strong London Market Insurance experience · At least 5 years data analytics experience · Strong Excel capabilities · Strong Power-BI skills · Ability to work in a fast-paced environment · Proven track record in han…",,
Adzuna::API::Response::Job,,0,"{'display_name': 'Purple Giraffe Recruitment Ltd', '__CLASS__': 'Adzuna::API::Response::Company'}",5624532823,2026-02-11T18:51:55Z,https://www.adzuna.co.uk/jobs/land/ad/5624532823?se=8IOoqoQH8RGT1uycjIUY3g&utm_medium=api&utm_source=aa88ce77&v=04A488C39AC6F8C99DF5730F0BC8BCE943CE41EE,Senior Data Analyst,"{'__CLASS__': 'Adzuna::API::Response::Category', 'tag': 'it-jobs', 'label': 'IT Jobs'}","{'area': ['UK', 'Scotland', 'Glasgow'], '__CLASS__': 'Adzuna::API::Response::Location', 'display_name': 'Glasgow, Scotland'}",40000.0,permanent,40000.0,eyJhbGciOiJIUzI1NiJ9.eyJpIjoiNTYyNDUzMjgyMyIsInMiOiI4SU9vcW9RSDhSR1QxdXljaklVWTNnIn0.oQk5m8vCXb5tJmW1EqfF66oPVNDhWedlt6F0gwKSRng,"Permanent Office based Based: Glasgow G40 Team Size: 6 Job Contract: Permanent Shift work Reporting: 2 Direct Reports We are seeking an experienced Senior Data Analyst to join our client's dynamic team. The successful candidate will be responsible for analysing complex data sets, developing insightful visualisations, and supporting strategic decision-making processes. This role offers an excellent opportunity to utilise advanced data analysis skills and contribute to impactful projects within a…",-4.25596,55.86026
Adzuna::API::Response::Job,full_time,0,"{'__CLASS__': 'Adzuna::API::Response::Company', 'display_name': 'FELIX CONSULTANTS PRIVATE LIMITED'}",5603800590,2026-01-28T19:25:20Z,https://www.adzuna.co.uk/jobs/details/5603800590?utm_medium=api&utm_source=aa88ce77,DATA ANALYST,"{'__CLASS__': 'Adzuna::API::Response::Category', 'tag': 'it-jobs', 'label': 'IT Jobs'}","{'__CLASS__': 'Adzuna::API::Response::Location', 'display_name': 'Solihull, West Midlands', 'area': ['UK', 'West Midlands', 'Solihull']}",29000.0,permanent,29000.0,eyJhbGciOiJIUzI1NiJ9.eyJpIjoiNTYwMzgwMDU5MCIsInMiOiI4SU9vcW9RSDhSR1QxdXljaklVWTNnIn0.oMbFf6P9g7NXt9eNwmMqjb_QD_VqkGD11kSZatKbgWw,"We are seeking a detail-oriented and analytical Data Analyst to support data-driven decision-making across the organization. The ideal candidate will collect, analyze, and interpret data to generate actionable insights, support business operations, and improve overall performance. This role is suitable for candidates with foundational to intermediate experience in data analysis. Key Responsibilities Collect, clean, and validate data from multiple sources to ensure accuracy and consistency Analy…",-1.7743,52.4147
Adzuna::API::Response::Job,full_time,0,"{'display_name': 'Apex Group', '__CLASS__': 'Adzuna::API::Response::Company'}",5596922807,2026-01-23T05:46:40Z,https://www.adzuna.co.uk/jobs/details/5596922807?utm_medium=api&utm_source=aa88ce77,Data Analyst,"{'label': 'Admin Jobs', '__CLASS__': 'Adzuna::API::Response::Category', 'tag': 'admin-jobs'}","{'__CLASS__': 'Adzuna::API::Response::Location', 'display_name': 'London, UK', 'area': ['UK', 'London']}",28412.0,permanent,28412.0,eyJhbGciOiJIUzI1NiJ9.eyJpIjoiNTU5NjkyMjgwNyIsInMiOiI4SU9vcW9RSDhSR1QxdXljaklVWTNnIn0.x4FkB6lrhXp5LPcbFrP1ayKGReMt13uTYCw5QsYByvs,"The Apex Group was established in Bermuda in 2003 and is now one of the world’s largest fund administration and middle office solutions providers. Our business is unique in its ability to reach globally, service locally and provide cross-jurisdictional services. With our clients at the heart of everything we do, our hard-working team has successfully delivered on an unprecedented growth and transformation journey, and we are now represented by over circa 13,000 employees across 112 offices worl…",-0.139134,51.503378
Adzuna::API::Response::Job,part_time,0,"{'display_name': 'REED Specialist Recruitment', '__CLASS__': 'Adzuna::API::Response::Company'}",5615157615,2026-02-05T04:07:52Z,https://www.adzuna.co.uk/jobs/land/ad/5615157615?se=8IOoqoQH8RGT1uycjIUY3g&utm_medium=api&utm_source=aa88ce77&v=20D050A0D32FB6A11405AF1FD48E4C841C289E70,Power BI Data Analyst,"{'__CLASS__': 'Adzuna::API::Response::Category', 'tag': 'it-jobs', 'label': 'IT Jobs'}","{'__CLASS__': 'Adzuna::API::Response::Location', 'display_name': 'Belfast, Northern Ireland', 'area': ['UK', 'Northern Ireland', 'Belfast']}",35000.0,,35000.0,eyJhbGciOiJIUzI1NiJ9.eyJzIjoiOElPb3FvUUg4UkdUMXV5Y2pJVVkzZyIsImkiOiI1NjE1MTU3NjE1In0.Zr21qGFjWpnW1f8QjSYhkUoYpU6WQbvUksVv3-Jr9Zg,"BI Analyst - Belfast (On site) - Part Time REED Technology are delighted to partner with an excellent retail organisation who are seeking a Power BI analyst to join their Belfast based team. In this role, you will play a key part in transforming data into meaningful insights that support operational excellence and help drive strategic decision-making across the business. Working closely with key stakeholders, you will design, develop and maintain professional dashboards and reports that ensure …",,
Adzuna::API::Response::Job,full_time,1,"{'display_name': 'Thames Water', '__CLASS__': 'Adzuna::API::Response::Company'}",5623298838,2026-02-10T20:58:06Z,https://www.adzuna.co.uk/jobs/land/ad/5623298838?se=8IOoqoQH8RGT1uycjIUY3g&utm_medium=api&utm_source=aa88ce77&v=831DDAF6D0249F0F1EA53D4DFE50D1EEFFFF9F0E,Environmental Data Analyst Apprentice,"{'label': 'Admin Jobs', '__CLASS__': 'Adzuna::API::Response::Category', 'tag': 'admin-jobs'}","{'area': ['UK', 'South East England', 'Berkshire', 'Reading'], 'display_name': 'Reading, Berkshire', '__CLASS__': 'Adzuna::API::Response::Location'}",27089.29,permanent,27089.29,eyJhbGciOiJIUzI1NiJ9.eyJzIjoiOElPb3FvUUg4UkdUMXV5Y2pJVVkzZyIsImkiOiI1NjIzMjk4ODM4In0.-1J8cx_Cb5uqVLSyxJBwoVQRQXfT7qDO07zCVJDUk2A,"Ready to kick-start your future in Data Analysis? Join us as an Environmental Data Analyst Apprentice and make a real impact at the UK’s largest water and wastewater provider. You’ll help reduce enforcement risk, strengthen environmental performance, and work in a dedicated team responding to the Environment Agency. Along the way, you’ll earn a respected Level 4 Data Analyst qualification. What you’ll be doing as an Environmental Data Analyst Apprentice: Help reduce enforcement risk linked to e…",-0.969088,51.455002
Adzuna::API::Response::Job,,0,"{'display_name': 'Hays', '__CLASS__': 'Adzuna::API::Response::Company'}",5610291297,2026-02-02T13:25:15Z,https://www.adzuna.co.uk/jobs/land/ad/5610291297?se=8IOoqoQH8RGT1uycjIUY3g&utm_medium=api&utm_source=aa88ce77&v=E92B25F69DE45ACA8A427F1FFD931499BD771153,Temporary HR & Reward Data Analyst,"{'__CLASS__': 'Adzuna::API::Response::Category', 'tag': 'it-jobs', 'label': 'IT Jobs'}","{'display_name': 'Birmingham, West Midlands', '__CLASS__': 'Adzuna::API::Response::Location', 'area': ['UK', 'West Midlands', 'Birmingham']}",41600.0,permanent,37440.0,eyJhbGciOiJIUzI1NiJ9.eyJpIjoiNTYxMDI5MTI5NyIsInMiOiI4SU9vcW9RSDhSR1QxdXljaklVWTNnIn0.Rxq4kNOBIAtsKk1V5JnuZ4p9wk6Lfllgaf5InQ66xPQ,"About the Opportunity We are currently recruiting for a large not-for-profit organisation in Birmingham. They are seeking an experienced HR & Reward Data Analyst to support the People & Reward team during a period of increased project activity. This is a fantastic opportunity for someone who is highly analytical, detail‑driven, and confident in turning complex HR and reward data into clear, meaningful insights that drive decision‑making. What You’ll Be Doing Managing, cleansing, and analysing H…",,
Adzuna::API::Response::Job,,0,"{'display_name': 'Tailwind IT', '__CLASS__': 'Adzuna::API::Response::Company'}",5624308257,2026-02-11T14:59:53Z,https://www.adzuna.co.uk/jobs/land/ad/5624308257?se=8IOoqoQH8RGT1uycjIUY3g&utm_medium=api&utm_source=aa88ce77&v=71A7E3D0355590CD4FD44F557EC4F0B9DA284914,Data Analyst - Power BI,"{'__CLASS__': 'Adzuna::API::Response::Category', 'tag': 'it-jobs', 'label': 'IT Jobs'}","{'display_name': 'Carmarthen, Carmarthenshire', '__CLASS__': 'Adzuna::API::Response::Location', 'area': ['UK', 'Wales', 'Carmarthenshire', 'Carmarthen']}",40000.0,permanent,40000.0,eyJhbGciOiJIUzI1NiJ9.eyJpIjoiNTYyNDMwODI1NyIsInMiOiI4SU9vcW9RSDhSR1QxdXljaklVWTNnIn0.DXYXOFmPNpGjH5-B2DQiayM7TZm5LaRBuqdrd3tmfvU,"My social housing client is looking to recruit an experienced Power BI Data Analyst for a permanent position based in their Head Office located in Carmarthen, West Wales. Reporting to the ICT Manager the key responsibilities for this role include the development of Power BI reports to facilitate business insights and support data driven decision making. Additionally, the role will support the development and administration of core performance measures, ensure KPI's are published, champion data …",-4.31054,51.8564
Adzuna::API::Response::Job,,1,"{'__CLASS__': 'Adzuna::API::Response::Company', 'display_name': 'Holcim UK'}",5606234040,2026-01-30T16:55:48Z,https://www.adzuna.co.uk/jobs/land/ad/5606234040?se=8IOoqoQH8RGT1uycjIUY3g&utm_medium=api&utm_source=aa88ce77&v=997504D808938015880721CAB9758E14AA747599,Senior FP&A Data Analyst,"{'tag': 'it-jobs', '__CLASS__': 'Adzuna::API::Response::Category', 'label': 'IT Jobs'}","{'area': ['UK', 'East Midlands', 'Leicestershire', 'Coalville', 'Bardon Hill'], 'display_name': 'Bardon Hill, Coalville', '__CLASS__': 'Adzuna::API::Response::Location'}",42087.77,permanent,42087.77,eyJhbGciOiJIUzI1NiJ9.eyJzIjoiOElPb3FvUUg4UkdUMXV5Y2pJVVkzZyIsImkiOiI1NjA2MjM0MDQwIn0.bRsrt31J8Tx8Vvq_Ueasl50Brzc4zm46IPJaKjsnSxk,"About Holcim We are leaders in supplying innovative, sustainable building solutions to the UK construction industry; building progress for people and the planet. Since 1858, weve helped shape the UK; powering the construction of homes and hospitals, roads and railways, schools and cities alike. Our mission is to make sustainable construction a reality, through purposeful action that tackles real carbon and climate challenges. We are dedicated to helping Britain grow and thrive - by doing the ri…",-1.331382,52.707545
Adzuna::API::Response::Job,full_time,0,"{'display_name': 'PROSPECTUS-4', '__CLASS__': 'Adzuna::API::Response::Company'}",5622262064,2026-02-10T06:00:30Z,https://www.adzuna.co.uk/jobs/land/ad/5622262064?se=8IOoqoQH8RGT1uycjIUY3g&utm_medium=api&utm_source=aa88ce77&v=86779BD0EE2BB9FD87393F4556B3A3B9C36BC9DD,Data Analyst,"{'label': 'IT Jobs', '__CLASS__': 'Adzuna::API::Response::Category', 'tag': 'it-jobs'}","{'area': ['UK', 'London', 'Central London', 'Holborn'], '__CLASS__': 'Adzuna::API::Response::Location', 'display_name': 'Holborn, Central London'}",43784.0,permanent,43784.0,eyJhbGciOiJIUzI1NiJ9.eyJpIjoiNTYyMjI2MjA2NCIsInMiOiI4SU9vcW9RSDhSR1QxdXljaklVWTNnIn0.BRn99GjI9S-opCNpVbxUmSPhr0zwB4qgR2oIuHfT-FE,"Full Time - 35 Hours Per Week Temporary: Up to 3-months Salary: £21.05 p/h  holiday pay (£38,419 equivalent) Based: 3 -days per week onsite in East London, and the remainder remote Our client, a prestigious London University, is currently seeking a temporary, full time (35 hours per week) Data Analyst, running for 3-months in the first instance, based onsite 3-days per week in East London. Key Responsibilities include: Handle sensitive data in compliance with GDPR and data protection legislatio…",-0.122411,51.516414
Adzuna::API::Response::Job,,0,"{'__CLASS__': 'Adzuna::API::Response::Company', 'display_name': 'Jonathan Lee Recruitment'}",5596407030,2026-01-22T23:22:32Z,https://www.adzuna.co.uk/jobs/land/ad/5596407030?se=8IOoqoQH8RGT1uycjIUY3g&utm_medium=api&utm_source=aa88ce77&v=0262A5E46BF29A2B8F9EBA5B41EF5A0E2AA6BC88,Data Analyst Software Systems Test,"{'tag': 'it-jobs', '__CLASS__': 'Adzuna::API::Response::Category', 'label': 'IT Jobs'}","{'area': ['UK', 'West Midlands', 'Warwickshire', 'Warwick'], '__CLASS__': 'Adzuna::API::Response::Location', 'display_name': 'Warwick, Warwickshire'}",72009.0,contract,72009.0,eyJhbGciOiJIUzI1NiJ9.eyJpIjoiNTU5NjQwNzAzMCIsInMiOiI4SU9vcW9RSDhSR1QxdXljaklVWTNnIn0.DhFTSSgUXr-Xk2fdjijYnrA05VXDOClbVkRUcw5Is9Q,"Data Analyst (Software Systems Test) - 36349383 - £34.62/hr umbrella rate (Inside IR35) Are you ready to take your analytical skills to the next level? This is your chance to join an innovative and forward-thinking company as a Data Analyst (Software Systems Test) . Dive into the exciting world of vehicle engineering, where your expertise will play a pivotal role in shaping the future of testing and development. With a focus on cutting-edge software and systems, this role offers an inspiring wo…",-1.58447,52.281898
Adzuna::API::Response::Job,full_time,1,"{'__CLASS__': 'Adzuna::API::Response::Company', 'display_name': 'Thames Water'}",5624460438,2026-02-11T17:07:38Z,https://www.adzuna.co.uk/jobs/land/ad/5624460438?se=8IOoqoQH8RGT1uycjIUY3g&utm_medium=api&utm_source=aa88ce77&v=FFE502C412A6ADA7EFE44B8DC76A5AACB76F2CF5,Data Analyst Level 4 Apprentice,"{'label': 'IT Jobs', '__CLASS__': 'Adzuna::API::Response::Category', 'tag': 'it-jobs'}","{'area': ['UK', 'South East England', 'Berkshire', 'Slough'], '__CLASS__': 'Adzuna::API::Response::Location', 'display_name': 'Slough, Berkshire'}",25862.67,permanent,25862.67,eyJhbGciOiJIUzI1NiJ9.eyJpIjoiNTYyNDQ2MDQzOCIsInMiOiI4SU9vcW9RSDhSR1QxdXljaklVWTNnIn0.KY19dZso-kULreU-MBrUbQ65Undzyc0q1EVhAqyAETs,"Kick - start your Data Analysis career with Thames Water Join us as a Data Analyst Apprentice and support the UK’s largest water and wastewater provider. You’ll gain hands-on experience delivering accurate reporting, analysis, and insights that help drive decision-making across Customer Service, Financial Customer Care, Wholesale, and wider business teams contributing to services that millions rely on. What you’ll be doing as a Data Analyst Apprentice: Analysis - Provide operational data explor…",-0.595448,51.5093
Adzuna::API::Response::Job,,1,"{'__CLASS__': 'Adzuna::API::Response::Company', 'display_name': 'Spectrum'}",5590118427,2026-01-18T03:46:16Z,https://www.adzuna.co.uk/jobs/land/ad/5590118427?se=8IOoqoQH8RGT1uycjIUY3g&utm_medium=api&utm_source=aa88ce77&v=837B500C1B1B349FA91C32A06F72D31C5303AA8D,Geophysical Data Analyst,"{'label': 'IT Jobs', '__CLASS__': 'Adzuna::API::Response::Category', 'tag': 'it-jobs'}","{'area': ['UK', 'South East England', 'Hampshire', 'Lymington'], 'display_name': 'Lymington, Hampshire', '__CLASS__': 'Adzuna::API::Response::Location'}",41044.06,,41044.06,eyJhbGciOiJIUzI1NiJ9.eyJzIjoiOElPb3FvUUg4UkdUMXV5Y2pJVVkzZyIsImkiOiI1NTkwMTE4NDI3In0.i-kRG9cfDNWLsbA3b0ahZI04cu5QnM4eJctW-Z61j0Y,"Business Description Spectrum Geosurvey specialise in coastal geophysical surveys, supporting a wide range of clients in the offshore renewables sector. We have a proven track record delivering the highest-quality hydrographic and geophysical survey data. Spectrum Geosurvey are seeking an enthusiastic and dedicated individual to join our growing team based in our Lymington office. Position Overview As a Geophysical Data Analyst, you will be responsible for the analysis of geophysical data, maki…",-1.54895,50.757801
Adzuna::API::Response::Job,,1,"{'__CLASS__': 'Adzuna::API::Response::Company', 'display_name': 'Formula Recruitment'}",5583623903,2026-01-14T05:14:06Z,https://www.adzuna.co.uk/jobs/land/ad/5583623903?se=8IOoqoQH8RGT1uycjIUY3g&utm_medium=api&utm_source=aa88ce77&v=9EF758F76D4809A468FCAAB525C2EE27E6B752B0,Senior Data Analyst,"{'__CLASS__': 'Adzuna::API::Response::Category', 'tag': 'it-jobs', 'label': 'IT Jobs'}","{'area': ['UK', 'London', 'Central London', 'The City'], 'display_name': 'The City, Central London', '__CLASS__': 'Adzuna::API::Response::Location'}",59090.53,,59090.53,eyJhbGciOiJIUzI1NiJ9.eyJpIjoiNTU4MzYyMzkwMyIsInMiOiI4SU9vcW9RSDhSR1QxdXljaklVWTNnIn0.jkwLIDuZ8Hsl5f-wVlY6oRwCwVomNiJqM9FELydUHrM,"Senior Data Analyst Location: London Hybrid - 3 days a week onsite Salary: £75,000-£85,000  bonus  benefits Do you want to join a fast-growing tech-for-good company that’s redefining how data, automation, and smart integrations power the digital world. Their intelligent platform transforms real-time operations and helps users make smarter, faster decisions that improve lives and infrastructure globally. We’re looking for a Senior Data Analyst who’s passionate about turning complex data into cle…",,
Adzuna::API::Response::Job,,1,"{'__CLASS__': 'Adzuna::API::Response::Company', 'display_name': 'Advocate Group'}",5590118915,2026-01-18T03:47:07Z,https://www.adzuna.co.uk/jobs/land/ad/5590118915?se=8IOoqoQH8RGT1uycjIUY3g&utm_medium=api&utm_source=aa88ce77&v=2C3BE6A8DD1C9E1E51FC456C0BE289E675FE00AC,QC Data Analyst,"{'__CLASS__': 'Adzuna::API::Response::Category', 'tag': 'it-jobs', 'label': 'IT Jobs'}","{'display_name': 'London, UK', '__CLASS__': 'Adzuna::API::Response::Location', 'area': ['UK', 'London']}",33266.43,,33266.43,eyJhbGciOiJIUzI1NiJ9.eyJpIjoiNTU5MDExODkxNSIsInMiOiI4SU9vcW9RSDhSR1QxdXljaklVWTNnIn0.snpRwJNCwhNKNlnJZgoNhhlyf2FmJH-PkMDFw1iyiMc,"Want to re-energise your career with Monster Energy, the powerhouse behind your favourite energy drinks and events? Are you bold, relentless, and ready to take your professional journey to the top? This is your chance to elevate your career with one of the most iconic, highest-performing energy drink and lifestyle brands in the industry!  Here’s what you need to know - QC Data Analyst Key Responsibilities: · Manage and input daily laboratory analysis data, ensuring all out-of-specification resu…",-0.139134,51.503378
Adzuna::API::Response::Job,,1,"{'__CLASS__': 'Adzuna::API::Response::Company', 'display_name': 'FBI &TMT'}",5616370198,2026-02-05T23:36:45Z,https://www.adzuna.co.uk/jobs/land/ad/5616370198?se=8IOoqoQH8RGT1uycjIUY3g&utm_medium=api&utm_source=aa88ce77&v=2E2EB78087F2116D973C99ABACE29C1FC9A05FAD,Data Business Analyst,"{'label': 'IT Jobs', '__CLASS__': 'Adzuna::API::Response::Category', 'tag': 'it-jobs'}","{'area': ['UK', 'South East England', 'Hampshire', 'Fareham'], 'display_name': 'Fareham, Hampshire', '__CLASS__': 'Adzuna::API::Response::Location'}",67040.2,contract,67040.2,eyJhbGciOiJIUzI1NiJ9.eyJzIjoiOElPb3FvUUg4UkdUMXV5Y2pJVVkzZyIsImkiOiI1NjE2MzcwMTk4In0.PPf9ng3wBuwuhMuxMxLTvg4JwFW4Rnv5bJ9AY-OeU_o,"Main Purpose of the Role As a Data Business Analyst, you will work closely with our Data Product Managers to help define and prioritise the Product Backlog. You will be involved in the planning and assignment of tasks while aligning to the timely delivery of agreed quality standards. You will be responsible for building project requirements, creating development-ready user stories supported by appropriate data analysis, and working closely with the wider delivery team to ensure effective implem…",-1.17902,50.851501
Adzuna::API::Response::Job,full_time,1,"{'display_name': 'LexisNexis', '__CLASS__': 'Adzuna::API::Response::Company'}",5591219944,2026-01-19T12:38:20Z,https://www.adzuna.co.uk/jobs/land/ad/5591219944?se=8IOoqoQH8RGT1uycjIUY3g&utm_medium=api&utm_source=aa88ce77&v=00F3C8FA5F9F7A5FDEE5555A2CA20F384F153A7E,Senior Data Analyst,"{'__CLASS__': 'Adzuna::API::Response::Category', 'tag': 'it-jobs', 'label': 'IT Jobs'}","{'__CLASS__': 'Adzuna::API::Response::Location', 'display_name': 'London, UK', 'area': ['UK', 'London']}",48437.41,,48437.41,eyJhbGciOiJIUzI1NiJ9.eyJpIjoiNTU5MTIxOTk0NCIsInMiOiI4SU9vcW9RSDhSR1QxdXljaklVWTNnIn0.nOkjpw8jj8n-sUxpCiHzvF720v0ZnbLwtEBgTcu7oUw,"Do you enjoy Delivering meaningful insights? Are you a problem solver and like to learn new things? About the Business: At Cirium, our goal is to keep the world connected. We are the industry leader in aviation analytics; helping our customers understand the past, present, and predicting what will happen tomorrow. Our mission is to transform the aviation industry by enabling airlines, airports, travel companies, tech giants, aircraft manufacturers, financial institutions and many more accelerat…",-0.139134,51.503378
Adzuna::API::Response::Job,full_time,1,"{'display_name': 'FDM Group', '__CLASS__': 'Adzuna::API::Response::Company'}",5551854448,2025-12-22T15:55:55Z,https://www.adzuna.co.uk/jobs/land/ad/5551854448?se=8IOoqoQH8RGT1uycjIUY3g&utm_medium=api&utm_source=aa88ce77&v=544FE9AB127BC4CC717A38104496DDC51824D199,Business Data Analyst,"{'label': 'IT Jobs', 'tag': 'it-jobs', '__CLASS__': 'Adzuna::API::Response::Category'}","{'display_name': 'Edinburgh, Scotland', '__CLASS__': 'Adzuna::API::Response::Location', 'area': ['UK', 'Scotland', 'Edinburgh']}",47981.93,contract,47981.93,eyJhbGciOiJIUzI1NiJ9.eyJpIjoiNTU1MTg1NDQ0OCIsInMiOiI4SU9vcW9RSDhSR1QxdXljaklVWTNnIn0.jzXYSfJSCHD4d0VwHCKvr3xDE2421rOCuFKytSnLYj0,"About The Role FDM is a global business and technology consultancy seeking a Business Data Analyst to work for our client within the Financial Services sector. This is initially a 6-month contract with the potential to extend and will be a hybrid role based in Cheshire East, Glasgow or Edinburgh. Our client is seeking a Business Data Analyst to support a project which focuses on implementing new regulatory reporting requirements being introduced by the regulators. Responsibilities: Gather and d…",-3.327942,55.943116
Adzuna::API::Response::Job,full_time,1,"{'display_name': 'FDM Group', '__CLASS__': 'Adzuna::API::Response::Company'}",5550999848,2025-12-21T17:14:45Z,https://www.adzuna.co.uk/jobs/land/ad/5550999848?se=8IOoqoQH8RGT1uycjIUY3g&utm_medium=api&utm_source=aa88ce77&v=6B798642ED6D46A5F19A832F212480D23F320319,Senior Data Analyst,"{'label': 'IT Jobs', 'tag': 'it-jobs', '__CLASS__': 'Adzuna::API::Response::Category'}","{'area': ['UK', 'London'], 'display_name': 'London, UK', '__CLASS__': 'Adzuna::API::Response::Location'}",63907.88,contract,63907.88,eyJhbGciOiJIUzI1NiJ9.eyJzIjoiOElPb3FvUUg4UkdUMXV5Y2pJVVkzZyIsImkiOiI1NTUwOTk5ODQ4In0.lDkXRrx6HkED-k4Dp1Ln8EpTauZ6YPbUi7WXjV8D8po,"About The Role We are seeking a Senior Data Analyst to join our clients Data & Analytics team. This role is ideal for someone with a strong technical foundation, a passion for solving complex problems, and a deep understanding of financial and client behavioural data. You will be responsible for delivering high-impact data analysis, automating reporting processes, and implementing scalable solutions that support strategic decision-making across financial advisory services that support their UK …",-0.139134,51.503378
Adzuna::API::Response::Job,,0,"{'__CLASS__': 'Adzuna::API::Response::Company', 'display_name': 'Glasgow'}",5606045181,2026-01-30T08:10:00Z,https://www.adzuna.co.uk/jobs/land/ad/5606045181?se=8IOoqoQH8RGT1uycjIUY3g&utm_medium=api&utm_source=aa88ce77&v=9F4579DF936FCF4577580BC673ADA752F5ABA6A4,Data Analyst (2 Posts) - GLA14847,"{'label': 'IT Jobs', '__CLASS__': 'Adzuna::API::Response::Category', 'tag': 'it-jobs'}","{'__CLASS__': 'Adzuna::API::Response::Location', 'display_name': 'UK', 'area': ['UK']}",50000.0,,40001.0,eyJhbGciOiJIUzI1NiJ9.eyJpIjoiNTYwNjA0NTE4MSIsInMiOiI4SU9vcW9RSDhSR1QxdXljaklVWTNnIn0.z_jkXCBgVIlFk7XtrOLhgaiCLfjmj3I81-TkBeWtUro,"Job Description Glasgow is transforming the way it delivers Digital Services - and we want you to be part of it. If you’re ready to make an impact and looking for a role where your ideas truly matter and make a difference, this could be the opportunity you’ve been waiting for. Glasgow City Council is seeking to recruit two Data Analysts to support the development and use of analytical tools and platforms to help the Council Family make the best use of data and deliver insights that inform decis…",,
Adzuna::API::Response::Job,full_time,1,"{'__CLASS__': 'Adzuna::API::Response::Company', 'display_name': 'Wise'}",5579302458,2026-01-11T12:06:36Z,https://www.adzuna.co.uk/jobs/land/ad/5579302458?se=8IOoqoQH8RGT1uycjIUY3g&utm_medium=api&utm_source=aa88ce77&v=71AE77EA257C5C167CFDA33AB54B122E0CB93106,Senior Data Analyst - CRM,"{'label': 'IT Jobs', '__CLASS__': 'Adzuna::API::Response::Category', 'tag': 'it-jobs'}","{'area': ['UK', 'London'], 'display_name': 'London, UK', '__CLASS__': 'Adzuna::API::Response::Location'}",69835.13,,69835.13,eyJhbGciOiJIUzI1NiJ9.eyJzIjoiOElPb3FvUUg4UkdUMXV5Y2pJVVkzZyIsImkiOiI1NTc5MzAyNDU4In0.flciNJoLtfhrIBwJfXMEZfN8r_S-hU7-OnwrbVzcKqg,"Company Description Wise is a global technology company, building the best way to move and manage the world’s money. Min fees. Max ease. Full speed. Whether people and businesses are sending money to another country, spending abroad, or making and receiving international payments, Wise is on a mission to make their lives easier and save them money. As part of our team, you will be helping us create an entirely new network for the worlds money. For everyone, everywhere. Job Description We are se…",-0.139134,51.503378
Adzuna::API::Response::Job,full_time,1,"{'display_name': 'ConvaTec', '__CLASS__': 'Adzuna::API::Response::Company'}",5590395884,2026-01-18T14:11:03Z,https://www.adzuna.co.uk/jobs/land/ad/5590395884?se=8IOoqoQH8RGT1uycjIUY3g&utm_medium=api&utm_source=aa88ce77&v=3845A5E71F2F18BA0E692EA807D526EAC7FEFC7B,Corporate Complaints Data Analyst,"{'label': 'Scientific & QA Jobs', 'tag': 'scientific-qa-jobs', '__CLASS__': 'Adzuna::API::Response::Category'}","{'display_name': 'Paddington, West London', '__CLASS__': 'Adzuna::API::Response::Location', 'area': ['UK', 'London', 'West London', 'Paddington']}",52505.76,,52505.76,eyJhbGciOiJIUzI1NiJ9.eyJzIjoiOElPb3FvUUg4UkdUMXV5Y2pJVVkzZyIsImkiOiI1NTkwMzk1ODg0In0.SRJfJVXzUt01p1ifPMVipY326IcmP64dSY_liFfOrm4,"The Corporate Complaints Data Analyst is responsible for driving quality excellence across post-market compliance, product performance monitoring, and customer escalation management. This role ensures technical rigour and adherence to regulatory and internal standards throughout complaint handling, risk management, CAPA, and audit processes. Acting as a key liaison between Quality, R&D, Operations, Marketing, Clinical Affairs, Regulatory, and Post Market Surveillance, the position plays a criti…",-0.179975,51.5149
Adzuna::API::Response::Job,,0,"{'__CLASS__': 'Adzuna::API::Response::Company', 'display_name': 'VIQU Limited'}",5594529792,2026-01-21T19:37:45Z,https://www.adzuna.co.uk/jobs/details/5594529792?utm_medium=api&utm_source=aa88ce77,Data Analyst,"{'__CLASS__': 'Adzuna::API::Response::Category', 'tag': 'it-jobs', 'label': 'IT Jobs'}","{'display_name': 'Bloomsbury, Central London', '__CLASS__': 'Adzuna::API::Response::Location', 'area': ['UK', 'London', 'Central London', 'Bloomsbury']}",45000.0,contract,40000.0,eyJhbGciOiJIUzI1NiJ9.eyJzIjoiOElPb3FvUUg4UkdUMXV5Y2pJVVkzZyIsImkiOiI1NTk0NTI5NzkyIn0.kZHAhKbrRKrzUJsvFjSZTThonNuc-61Fy_8Eg8x6HiU,"Data Analyst Remote – 12 Month FTC up to £45,000 VIQU have partnered with a large education organisation seeking an experienced Data Analyst to join their Data Team on a 12-month fixed-term contract. This role focuses on building and delivering high-quality Power BI dashboards, datasets, and insights using Microsoft data technologies, including Power BI and Fabric. You will work independently, engage stakeholders, and deliver clear, accurate reporting at pace in a highly visible role. Key Respo…",-0.125413,51.517361
Adzuna::API::Response::Job,full_time,0,"{'__CLASS__': 'Adzuna::API::Response::Company', 'display_name': 'Concept Resourcing'}",5623891343,2026-02-11T06:05:22Z,https://www.adzuna.co.uk/jobs/details/5623891343?utm_medium=api&utm_source=aa88ce77,Data Analyst,"{'label': 'IT Jobs', 'tag': 'it-jobs', '__CLASS__': 'Adzuna::API::Response::Category'}","{'area': ['UK', 'West Midlands', 'Dudley'], '__CLASS__': 'Adzuna::API::Response::Location', 'display_name': 'Dudley, West Midlands'}",114400.0,contract,104000.0,eyJhbGciOiJIUzI1NiJ9.eyJpIjoiNTYyMzg5MTM0MyIsInMiOiI4SU9vcW9RSDhSR1QxdXljaklVWTNnIn0.9EWYxhGVE1nMx-PbQfAPLEcuLS6veeh_k_X2qt3bckE,"Data Analyst - Material Spend Project Location: Remote working with travel to Dudley 2/3 days per month Contract: 3 month initial Day rate: £400pd-£440pd (Inside IR35) We are seeking a highly skilled Data Analyst to support a Material Spend Project. You will play a crucial role in extracting, transforming, and analysing large data sets from multiple sources, including API integrations and ServiceNow, to drive actionable insights and support strategic decision-making. Key Skills & Experience Pro…",-2.08734,52.508701
Adzuna::API::Response::Job,full_time,0,"{'__CLASS__': 'Adzuna::API::Response::Company', 'display_name': 'Pioneer Search'}",5597999430,2026-01-23T23:11:39Z,https://www.adzuna.co.uk/jobs/details/5597999430?utm_medium=api&utm_source=aa88ce77,Data Analyst,"{'__CLASS__': 'Adzuna::API::Response::Category', 'tag': 'it-jobs', 'label': 'IT Jobs'}","{'display_name': 'The City, Central London', '__CLASS__': 'Adzuna::API::Response::Location', 'area': ['UK', 'London', 'Central London', 'The City']}",143000.0,contract,130000.0,eyJhbGciOiJIUzI1NiJ9.eyJzIjoiOElPb3FvUUg4UkdUMXV5Y2pJVVkzZyIsImkiOiI1NTk3OTk5NDMwIn0.w75Z7tzrNjjdooQy5cq8i6cfahsebzfJT39-LSrhJyg,"Data Analyst: Speciality Insurance, Power BI, Excel, Data Location: London - Hybrid Contract: 6 months, Inside IR35 Rate: £500 - £550 per day A leading London Market insurer is undergoing a major data platform transformation, migrating from a legacy third-party data solution to a new enterprise data platform. During this transition period, the business requires an experienced Data Analyst to ensure continuity of business-critical reporting and data integrity. This role will play a key part in m…",,
Adzuna::API::Response::Job,full_time,1,"{'display_name': 'Millennium Hotel and Resorts UK', '__CLASS__': 'Adzuna::API::Response::Company'}",5611853644,2026-02-03T16:03:44Z,https://www.adzuna.co.uk/jobs/details/5611853644?utm_medium=api&utm_source=aa88ce77,Data Analyst,"{'label': 'Admin Jobs', 'tag': 'admin-jobs', '__CLASS__': 'Adzuna::API::Response::Category'}","{'area': ['UK', 'London', 'West London', 'Kensington'], 'display_name': 'Kensington, West London', '__CLASS__': 'Adzuna::API::Response::Location'}",28595.85,,28595.85,eyJhbGciOiJIUzI1NiJ9.eyJzIjoiOElPb3FvUUg4UkdUMXV5Y2pJVVkzZyIsImkiOiI1NjExODUzNjQ0In0.Y855FTAUCPeyu-e1apGxlizv7J-xPRyWedP6BbPDmIA,"Data Analyst Millennium Hotels and Resorts UK are looking for Data Analyst to join their Central Sales Office in London. Our Data Analyst will be an enthusiastic, genuine, and friendly person who really enjoys working in hotels. This role would suit someone who loves inputting data, generating reports and ensuring a smooth transition of client accounts and rollout projects. Strong written and verbal English skills are a must, along with advanced proficiency in MS Word, PowerPoint, Excel, and ot…",-0.191818,51.499465
Adzuna::API::Response::Job,full_time,0,"{'__CLASS__': 'Adzuna::API::Response::Company', 'display_name': 'Yolk Recruitment Ltd'}",5622872393,2026-02-10T17:42:30Z,https://www.adzuna.co.uk/jobs/details/5622872393?utm_medium=api&utm_source=aa88ce77,Data Analyst,"{'__CLASS__': 'Adzuna::API::Response::Category', 'tag': 'it-jobs', 'label': 'IT Jobs'}","{'area': ['UK', 'Wales', 'Carmarthenshire'], '__CLASS__': 'Adzuna::API::Response::Location', 'display_name': 'Carmarthenshire, Wales'}",42068.0,permanent,0.0,eyJhbGciOiJIUzI1NiJ9.eyJpIjoiNTYyMjg3MjM5MyIsInMiOiI4SU9vcW9RSDhSR1QxdXljaklVWTNnIn0.tjV4O-QZHr4GJGAK0c1Gfatr_GbhjpWElwI3ivxyga0,"Role: Data Analyst Location: West Wales Salary: £42,068 We are proud to be partnered with a well-established public sector organisation who is looking to add a Data Analyst to the team to work through some exciting projects. This is an exciting opportunity to apply your expertise to projects that drive meaningful social and environmental impact! Key Responsibilities Produce clear, accurate reporting and insights using internal and external data sources. Develop, maintain, and promote Power BI d…",-4.214381,51.874401
Adzuna::API::Response::Job,full_time,1,"{'__CLASS__': 'Adzuna::API::Response::Company', 'display_name': 'Henderson Retail'}",5607496427,2026-01-31T17:11:41Z,https://www.adzuna.co.uk/jobs/details/5607496427?utm_medium=api&utm_source=aa88ce77,Data Analyst,"{'label': 'IT Jobs', '__CLASS__': 'Adzuna::API::Response::Category', 'tag': 'it-jobs'}","{'display_name': 'Mossley, Newtownabbey', '__CLASS__': 'Adzuna::API::Response::Location', 'area': ['UK', 'Northern Ireland', 'County Antrim', 'Newtownabbey', 'Mossley']}",30170.04,,30170.04,eyJhbGciOiJIUzI1NiJ9.eyJzIjoiOElPb3FvUUg4UkdUMXV5Y2pJVVkzZyIsImkiOiI1NjA3NDk2NDI3In0.ZWM5YJR21O68KYsbvbqjqVbnpqnb5vanL57BcCWoscM,"Data Analyst Job Req ID: 7369 Job Posting Closing Date: 8th February 2026 Data Analyst Attractive Salary and Benefits 36.5 Hour week (Hybrid) Newtownabbey Who are we? Henderson Group are proud to be Northern Ireland’s leading foodservice provider. Our group encompasses Henderson Wholesale, Henderson Retail, Henderson Foodservice and Henderson Group Property. We employ over 5,700 colleagues and have been placed 3rd in Ulster Business Top 100 Companies 2025. We're proud to be an Investors in Peop…",-5.959577,54.678469
Adzuna::API::Response::Job,full_time,0,"{'display_name': 'SThree UK', '__CLASS__': 'Adzuna::API::Response::Company'}",5588587310,2026-01-16T22:57:48Z,https://www.adzuna.co.uk/jobs/details/5588587310?utm_medium=api&utm_source=aa88ce77,Data Analyst,"{'tag': 'it-jobs', '__CLASS__': 'Adzuna::API::Response::Category', 'label': 'IT Jobs'}","{'area': ['UK', 'London'], 'display_name': 'London, UK', '__CLASS__': 'Adzuna::API::Response::Location'}",130000.0,,78000.0,eyJhbGciOiJIUzI1NiJ9.eyJpIjoiNTU4ODU4NzMxMCIsInMiOiI4SU9vcW9RSDhSR1QxdXljaklVWTNnIn0.0T6ucLN_MIAXQvf7o65sjw83JR2AfDzFbbgbwT6YSHg,"Opportunity for a Data Analyst (MedTech Experience) in London Join Our Client's Dynamic Team We are thrilled to announce an exceptional opportunity for a skilled Data Analyst to join our client's innovative team in the heart of London. Operating within the thriving MedTech sector, our client is dedicated to delivering cutting-edge solutions that improve healthcare outcomes. Key Skills Tableau: Proficiency in creating detailed and insightful data visualisations to aid decision-making processes. …",-0.139134,51.503378
Adzuna::API::Response::Job,full_time,0,"{'__CLASS__': 'Adzuna::API::Response::Company', 'display_name': 'Robert Half'}",5587407116,2026-01-16T04:55:40Z,https://www.adzuna.co.uk/jobs/details/5587407116?utm_medium=api&utm_source=aa88ce77,Data Analyst,"{'label': 'IT Jobs', 'tag': 'it-jobs', '__CLASS__': 'Adzuna::API::Response::Category'}","{'display_name': 'Thorpe, Egham', '__CLASS__': 'Adzuna::API::Response::Location', 'area': ['UK', 'South East England', 'Surrey', 'Egham', 'Thorpe']}",32000.0,permanent,30000.0,eyJhbGciOiJIUzI1NiJ9.eyJpIjoiNTU4NzQwNzExNiIsInMiOiI4SU9vcW9RSDhSR1QxdXljaklVWTNnIn0.6BsoD1q0J2UJpZkc0XMmetQCq0cIDnui83_vpUz5ToA,"Job Title Graduate Data Analyst - Finance Systems, Data & Automation Role Overview We are seeking a systems-focused Graduate Data Analyst to support our Finance function by developing, maintaining, and improving data warehouse, systems, and reporting automation capabilities. This role is ideal for a technically strong graduate with a passion for coding, data systems, and automating finance and non-finance reporting processes. You will play a key role in improving how financial and operational d…",-0.536505,51.434
Adzuna::API::Response::Job,full_time,1,"{'__CLASS__': 'Adzuna::API::Response::Company', 'display_name': 'Robert Half'}",5596374391,2026-01-22T23:09:36Z,https://www.adzuna.co.uk/jobs/details/5596374391?utm_medium=api&utm_source=aa88ce77,Data Analyst,"{'label': 'IT Jobs', '__CLASS__': 'Adzuna::API::Response::Category', 'tag': 'it-jobs'}","{'display_name': 'London, UK', '__CLASS__': 'Adzuna::API::Response::Location', 'area': ['UK', 'London']}",66793.41,contract,66793.41,eyJhbGciOiJIUzI1NiJ9.eyJpIjoiNTU5NjM3NDM5MSIsInMiOiI4SU9vcW9RSDhSR1QxdXljaklVWTNnIn0.8wIbpHcQw7amim68CB6mV140xBBV-Csodd7sHuQHlag,"Robert Half have partnered with a B2B SAAS organisation to recruit for a Data Analyst for an initial 3 month contract. The primary objective of this role is to provide high‑quality commercial insights, revenue performance reporting, and analytical support across Sales, Marketing, Customer, and Finance functions. This will involve analysing large datasets, building dashboards and tools, improving data-driven processes, and delivering clear recommendations to senior stakeholders. Role: You will p…",-0.139134,51.503378
Adzuna::API::Response::Job,full_time,0,"{'__CLASS__': 'Adzuna::API::Response::Company', 'display_name': 'Purple'}",5596095795,2026-01-22T19:38:39Z,https://www.adzuna.co.uk/jobs/details/5596095795?utm_medium=api&utm_source=aa88ce77,Data Analyst,"{'__CLASS__': 'Adzuna::API::Response::Category', 'tag': 'it-jobs', 'label': 'IT Jobs'}","{'display_name': 'Manchester, Greater Manchester', '__CLASS__': 'Adzuna::API::Response::Location', 'area': ['UK', 'North West England', 'Greater Manchester', 'Manchester']}",40000.0,,35000.0,eyJhbGciOiJIUzI1NiJ9.eyJzIjoiOElPb3FvUUg4UkdUMXV5Y2pJVVkzZyIsImkiOiI1NTk2MDk1Nzk1In0.wRtdtJW9Oyl9A0CGfLgmXTKCYihDUwxtIkFrNIL4xmI,"We are looking for a junior to mid-level Data Analyst to join our Data Science team. You will report directly to the Data Science Lead and sit within the wider Product & Technology department. You will work within a collaborative tight-knit team, handling a variety of data sources across the business to drive understanding and prediction of performance. In this hybrid role, you will act as a ""full-stack"" analyst. You will be responsible for collecting, organizing, analyzing, and presenting data…",-2.23438,53.480701
