title,contract_type,created,__CLASS__,salary_is_predicted,location,longitude,latitude,category,redirect_url,description,salary_min,id,adref,company,contract_time,salary_max
Facilities Manager,permanent,2026-02-01T16:26:08Z,Adzuna::API::Response::Job,0,"{'display_name': 'Heathfield, Newton Abbot', '__CLASS__': 'Adzuna::API::Response::Location', 'area': ['UK', 'South West England', 'Devon', 'Newton Abbot', 'Heathfield']}",-3.655487,50.577755,"{'__CLASS__': 'Adzuna::API::Response::Category', 'tag': 'trade-construction-jobs', 'label': 'Trade & Construction Jobs'}",https://www.adzuna.co.uk/jobs/land/ad/5608841685?se=1AUSroQH8RGEi8BzCNsJ8g&utm_medium=api&utm_source=aa88ce77&v=BB1CB123B007906094B79191A6D7549F942AE016,"Work Smarter. Live Better. Join the 4-Day Working Week! Job Title: Facilities Manager Location: The Greater Horseshoe School, Heathfield, TQ12 6RH Salary: From £30,000.00 per annum ( not pro rata ) Hours: 37.5 hours per week | Monday to Friday | 8am-4pm Contract: Permanent | 52 Weeks Start: March 2026 UK applicants only. This role does not offer sponsorship. At Outcomes First Group, we believe in better work/life balance — and we’re putting wellbeing first. That’s why we’re proud to be part of …",30000.0,5608841685,eyJhbGciOiJIUzI1NiJ9.eyJpIjoiNTYwODg0MTY4NSIsInMiOiIxQVVTcm9RSDhSR0VpOEJ6Q05zSjhnIn0.EKvcH7CrLHKCPvDJsZrFrXp7opExgIwsf-EL8dPfXe0,"{'display_name': 'Outcomes First Group', '__CLASS__': 'Adzuna::API::Response::Company'}",,
Nursery Manager,contract,2026-02-01T07:21:35Z,Adzuna::API::Response::Job,0,"{'display_name': 'Littlemore, Oxford', 'area': ['UK', 'South East England', 'Oxfordshire', 'Oxford', 'Littlemore'], '__CLASS__': 'Adzuna::API::Response::Location'}",-1.22668,51.716912,"{'label': 'Teaching Jobs', '__CLASS__': 'Adzuna::API::Response::Category', 'tag': 'teaching-jobs'}",https://www.adzuna.co.uk/jobs/land/ad/5608388934?se=1AUSroQH8RGEi8BzCNsJ8g&utm_medium=api&utm_source=aa88ce77&v=36E78B199ED596DE3E26F6F11242634D29DE386D,"Role Overview: Join Our Team at Busy Bees Oxford Littlmore - FTC for 6 months (Mat cover) – Leading Nursery Group in the UK Are you a superstar in early years education, ready to sprinkle joy and ignite little imaginations? Busy Bees Oxford Littlemore is on the lookout for a Nursery Manager who’s bursting with energy, creativity, and a love for helping young minds grow! If you’ve got your Level 3 childcare qualification , plus 2 years of leading a team in an early years setting, we want your sp…",39000.0,5608388934,eyJhbGciOiJIUzI1NiJ9.eyJpIjoiNTYwODM4ODkzNCIsInMiOiIxQVVTcm9RSDhSR0VpOEJ6Q05zSjhnIn0.zlaNei-pGcCVNQH-5mkswnbEnLqNCXwjOM0VbpZStwQ,"{'display_name': 'Busy Bees', '__CLASS__': 'Adzuna::API::Response::Company'}",full_time,45000.0
Partnerships Manager,,2026-01-30T15:27:58Z,Adzuna::API::Response::Job,1,"{'display_name': 'Liverpool, Merseyside', '__CLASS__': 'Adzuna::API::Response::Location', 'area': ['UK', 'North West England', 'Merseyside', 'Liverpool']}",-2.97784,53.410801,"{'label': 'Consultancy Jobs', '__CLASS__': 'Adzuna::API::Response::Category', 'tag': 'consultancy-jobs'}",https://www.adzuna.co.uk/jobs/land/ad/5606160497?se=1AUSroQH8RGEi8BzCNsJ8g&utm_medium=api&utm_source=aa88ce77&v=EFEBBE9DB87B6DC4C34BF5220CA016CE22708439,"Location : Hybrid – with frequent travel to our schools in Liverpool, Ormskirk and Sandbach Salary: £40,000  up to £10,000 performance related annual bonus Those huge small victories We are the highest Ofsted-rated provider in the country for special education and care. Our teams are fulfilled by the idea of making even the smallest positive changes in our young people, so we celebrate the little things. We are looking for someone who can passionately represent Witherslack Group’s visions, aims…",39297.29,5606160497,eyJhbGciOiJIUzI1NiJ9.eyJpIjoiNTYwNjE2MDQ5NyIsInMiOiIxQVVTcm9RSDhSR0VpOEJ6Q05zSjhnIn0.pcwiHE9ngSSENwCQmvR2024q0ePIrvW3XtvHsMw048g,"{'__CLASS__': 'Adzuna::API::Response::Company', 'display_name': 'Witherslack Group'}",full_time,39297.29
Store Manager Hereford,,2025-12-18T11:32:19Z,Adzuna::API::Response::Job,0,"{'display_name': 'Tram Inn, Hereford', '__CLASS__': 'Adzuna::API::Response::Location', 'area': ['UK', 'West Midlands', 'Herefordshire', 'Hereford', 'Tram Inn']}",-2.715819,52.056282,"{'__CLASS__': 'Adzuna::API::Response::Category', 'tag': 'retail-jobs', 'label': 'Retail Jobs'}",https://www.adzuna.co.uk/jobs/land/ad/5546987497?se=1AUSroQH8RGEi8BzCNsJ8g&utm_medium=api&utm_source=aa88ce77&v=019003FCACDD02835EDF2375D702B36445A07588,"Join Our Team as a Retail Store Manager! At EE, we believe technology should bring people together. Our stores are more than just places to buy gadgets – they're destinations where customers can explore, discover, and be inspired by the latest in tech. We're committed to creating a vibrant, welcoming environment where every visit feels like a special occasion. We are looking for a Retail Store Manager who can inspire and lead with passion in a large or high-profile store. If you have a history …",30000.0,5546987497,eyJhbGciOiJIUzI1NiJ9.eyJzIjoiMUFVU3JvUUg4UkdFaThCekNOc0o4ZyIsImkiOiI1NTQ2OTg3NDk3In0.9p7zRBC3hIzo8eWZuFzwbyH1nXT9RXoJp_RTXcJGm40,"{'__CLASS__': 'Adzuna::API::Response::Company', 'display_name': 'EE Retail'}",part_time,32000.0
Nursery Room Manager,,2026-01-22T18:20:57Z,Adzuna::API::Response::Job,0,"{'display_name': 'Englefield, Reading', 'area': ['UK', 'South East England', 'Berkshire', 'Reading', 'Englefield'], '__CLASS__': 'Adzuna::API::Response::Location'}",-1.099804,51.428224,"{'label': 'Teaching Jobs', 'tag': 'teaching-jobs', '__CLASS__': 'Adzuna::API::Response::Category'}",https://www.adzuna.co.uk/jobs/land/ad/5595649478?se=1AUSroQH8RGEi8BzCNsJ8g&utm_medium=api&utm_source=aa88ce77&v=87412885E3B9D5940A2976135A5FE1A25FFC3921,"Role Overview:  We’re Opening a Brand-New Busy Bees Nursery in Binfield! Be Part of Something Amazing!  We’re opening a brand-new, three-storey Busy Bees nursery in Binfield and this is YOUR chance to be part of something truly special! 110 little learners will soon be exploring, laughing, and growing—and we need a passionate Room Leader in our Toddler Room, joining us in giving our children the best start in life! This is your chance to be part of something fresh, exciting, and built from the …",31928.0,5595649478,eyJhbGciOiJIUzI1NiJ9.eyJzIjoiMUFVU3JvUUg4UkdFaThCekNOc0o4ZyIsImkiOiI1NTk1NjQ5NDc4In0.DnEfP4EMFi7kAd71QDSNW7WyrL54RM2zN_WH7ugGhcE,"{'display_name': 'Busy Bees', '__CLASS__': 'Adzuna::API::Response::Company'}",full_time,31928.0
Asset Management - Senior Manager,,2026-01-08T17:35:15Z,Adzuna::API::Response::Job,1,"{'area': ['UK', 'London'], '__CLASS__': 'Adzuna::API::Response::Location', 'display_name': 'London, UK'}",-0.139134,51.503378,"{'label': 'Accounting & Finance Jobs', 'tag': 'accounting-finance-jobs', '__CLASS__': 'Adzuna::API::Response::Category'}",https://www.adzuna.co.uk/jobs/land/ad/5574025578?se=1AUSroQH8RGEi8BzCNsJ8g&utm_medium=api&utm_source=aa88ce77&v=1C2D544CB6960E7B7CEBB65638A52935092BDA80,"At Forvis Mazars, we're always looking ahead, for our people, our clients and the wider world. Together, we grow , belong and impact . You'll be supported to learn, explore and develop from day one. We celebrate individuality, encourage bold thinking and believe success comes from working together. With us, you'll belong to your local team, gain global experience, and make a meaningful impact now and in the future. About The Team: Part of our Financial Services division, the Asset Management Au…",71564.35,5574025578,eyJhbGciOiJIUzI1NiJ9.eyJpIjoiNTU3NDAyNTU3OCIsInMiOiIxQVVTcm9RSDhSR0VpOEJ6Q05zSjhnIn0.NQ6YUioIT5oIwXeEWd22voyFao3RN-fF6IXaOZ3S31o,"{'display_name': 'Forvis Mazars', '__CLASS__': 'Adzuna::API::Response::Company'}",full_time,71564.35
Nursery Manager,permanent,2026-01-13T20:34:48Z,Adzuna::API::Response::Job,0,"{'__CLASS__': 'Adzuna::API::Response::Location', 'area': ['UK', 'South West England', 'Bristol', 'Speedwell'], 'display_name': 'Speedwell, Bristol'}",-2.54129,51.466301,"{'label': 'Teaching Jobs', 'tag': 'teaching-jobs', '__CLASS__': 'Adzuna::API::Response::Category'}",https://www.adzuna.co.uk/jobs/details/5582982679?utm_medium=api&utm_source=aa88ce77,"NURSERY MANAGER POSITIONS AVAILABLE ACROSS BRISTOL BS36, BS4 AND BS5 AREAS £3,000 WELCOME BONUS T&Cs Apply) Join Partou, where we put children in the lead! We're seeking a dedicated and passionate Nursery Manager to join us at our Nurseries based int he South West area s . As a nursery manager, you'll have the opportunity to create a safe and supportive environment for children and families. At Partou, we are committed to providing exceptional care, compassion, and continuous learning. These va…",3000.0,5582982679,eyJhbGciOiJIUzI1NiJ9.eyJzIjoiMUFVU3JvUUg4UkdFaThCekNOc0o4ZyIsImkiOiI1NTgyOTgyNjc5In0.U27dPlmyJFlNO1IhwN5Zdpi_-S00kImccVQIoYtoLow,"{'display_name': 'Partou', '__CLASS__': 'Adzuna::API::Response::Company'}",full_time,37500.0
Registered Manager,permanent,2026-02-06T08:53:26Z,Adzuna::API::Response::Job,0,"{'display_name': 'UK', 'area': ['UK'], '__CLASS__': 'Adzuna::API::Response::Location'}",,,"{'label': 'Social work Jobs', 'tag': 'social-work-jobs', '__CLASS__': 'Adzuna::API::Response::Category'}",https://www.adzuna.co.uk/jobs/land/ad/5617108894?se=1AUSroQH8RGEi8BzCNsJ8g&utm_medium=api&utm_source=aa88ce77&v=30304CD290D736D9E86AA325385E917C0CACB5AE,"Company Description Registered Manager Brighton & Hove (BN3) | Full-Time | Permanent About CCH Group CCH Group is one of the UK’s leading providers of community-based care and support services. We are committed to delivering high-quality, person-centred care while creating supportive, well-led environments where our teams can thrive. We are now seeking an experienced Registered Manager to lead our Brighton & Hove service. This is a key leadership role, offering the opportunity to shape service …",42412.0,5617108894,eyJhbGciOiJIUzI1NiJ9.eyJpIjoiNTYxNzEwODg5NCIsInMiOiIxQVVTcm9RSDhSR0VpOEJ6Q05zSjhnIn0.LE3cDAQZ1oGs4VQ0By3NQ4JiQO8uRhr0cCcQ1dV4VSM,"{'__CLASS__': 'Adzuna::API::Response::Company', 'display_name': 'London Care Limited'}",full_time,42412.0
Registered Manager,,2026-02-02T14:00:16Z,Adzuna::API::Response::Job,0,"{'display_name': 'UK', 'area': ['UK'], '__CLASS__': 'Adzuna::API::Response::Location'}",,,"{'label': 'Social work Jobs', 'tag': 'social-work-jobs', '__CLASS__': 'Adzuna::API::Response::Category'}",https://www.adzuna.co.uk/jobs/land/ad/5610317895?se=1AUSroQH8RGEi8BzCNsJ8g&utm_medium=api&utm_source=aa88ce77&v=2C23757AAC7332A9E684BBA582A60C852EF57539,"Company Description Registered Branch Manager – Lead, Inspire, and Make an Impact Grimsby office The contract involves delivering over 3,000 hours of weekly care through Comfort Call, one of CCH Group's companies, providing both in-home support and dedicated services within the Burchester Court extra care scheme. Up to £38,556 per annum Are you a dynamic leader with a passion for delivering exceptional care? Join CCH Group, the UK’s largest and most trusted care provider, as a Branch Manager an…",0.0,5610317895,eyJhbGciOiJIUzI1NiJ9.eyJpIjoiNTYxMDMxNzg5NSIsInMiOiIxQVVTcm9RSDhSR0VpOEJ6Q05zSjhnIn0.dU_BOm-5k1ZCp5j28XfT6m6lbNG_LFT-KTYo56c59zs,"{'__CLASS__': 'Adzuna::API::Response::Company', 'display_name': 'Comfort Call Limited'}",full_time,38556.0
Branch Manager,,2026-01-14T17:21:02Z,Adzuna::API::Response::Job,0,"{'__CLASS__': 'Adzuna::API::Response::Location', 'area': ['UK'], 'display_name': 'UK'}",,,"{'label': 'Healthcare & Nursing Jobs', '__CLASS__': 'Adzuna::API::Response::Category', 'tag': 'healthcare-nursing-jobs'}",https://www.adzuna.co.uk/jobs/land/ad/5584305307?se=1AUSroQH8RGEi8BzCNsJ8g&utm_medium=api&utm_source=aa88ce77&v=00FACF875E7625DC1C0990E0E67D1564E56389B8,"Company Description Branch Manager MiHomecare Ely CB7 4EX Up to £31,824 per annum What we offer We’re creating brighter days. Fresh challenges. Exciting opportunities. Plenty of ups, downs and curveballs. With a career as a Branch Manager at MiHomecare every day will be different to the next. Each will offer you the opportunity to do meaningful and rewarding work that makes a real difference to our clients lives and your career. What you’ll do The role of the Branch Manager is to manage the day…",31824.0,5584305307,eyJhbGciOiJIUzI1NiJ9.eyJpIjoiNTU4NDMwNTMwNyIsInMiOiIxQVVTcm9RSDhSR0VpOEJ6Q05zSjhnIn0.iPLI5KjrUyYB6scjcLhO2QRNVQShL2QDv2MHb5hy6T0,"{'__CLASS__': 'Adzuna::API::Response::Company', 'display_name': 'MiHomecare Limited'}",full_time,31824.0
Branch Manager,,2026-01-21T17:55:28Z,Adzuna::API::Response::Job,0,"{'display_name': 'London, UK', '__CLASS__': 'Adzuna::API::Response::Location', 'area': ['UK', 'London']}",,,"{'label': 'Healthcare & Nursing Jobs', '__CLASS__': 'Adzuna::API::Response::Category', 'tag': 'healthcare-nursing-jobs'}",https://www.adzuna.co.uk/jobs/land/ad/5594116991?se=1AUSroQH8RGEi8BzCNsJ8g&utm_medium=api&utm_source=aa88ce77&v=58309322E4BA286D383A0EEAA9E5250B35CD7A35,"Company Description Branch Manager Southwark, SE16 7DW £44,339 - £48,773 DOE What we offer We’re creating brighter days. Fresh challenges. Exciting opportunities. Plenty of ups, downs and curveballs. With a career as a Branch Manager at Advantage Healthcare every day will be different to the next. Each will offer you the opportunity to do meaningful and rewarding work that makes a real difference to our clients lives and your career. Job Description What you’ll do The role of the Branch Manager…",44339.0,5594116991,eyJhbGciOiJIUzI1NiJ9.eyJpIjoiNTU5NDExNjk5MSIsInMiOiIxQVVTcm9RSDhSR0VpOEJ6Q05zSjhnIn0.A_e1tRfRK4QxW7F4i7TjNDi57hNlMIXYfagmS7yopiA,"{'__CLASS__': 'Adzuna::API::Response::Company', 'display_name': 'London Care Limited'}",full_time,48773.0
Branch Manager,,2026-01-21T17:55:28Z,Adzuna::API::Response::Job,0,"{'__CLASS__': 'Adzuna::API::Response::Location', 'area': ['UK', 'London'], 'display_name': 'London, UK'}",,,"{'label': 'Healthcare & Nursing Jobs', 'tag': 'healthcare-nursing-jobs', '__CLASS__': 'Adzuna::API::Response::Category'}",https://www.adzuna.co.uk/jobs/land/ad/5594116990?se=1AUSroQH8RGEi8BzCNsJ8g&utm_medium=api&utm_source=aa88ce77&v=1D07B4B2F9D1DBD492B271CA839B49B0AD852625,"Company Description Branch Manager Hammersmith and Fulham - W13 9HH £40,000 - £48,000 DOE What we offer We’re creating brighter days. Fresh challenges. Exciting opportunities. Plenty of ups, downs and curveballs. With a career as a Branch Manager at Advantage Healthcare every day will be different to the next. Each will offer you the opportunity to do meaningful and rewarding work that makes a real difference to our clients lives and your career. Job Description What you’ll do The role of the B…",40000.0,5594116990,eyJhbGciOiJIUzI1NiJ9.eyJpIjoiNTU5NDExNjk5MCIsInMiOiIxQVVTcm9RSDhSR0VpOEJ6Q05zSjhnIn0.02L3TJjypTB2invYHqNCPP0aoFskLW-eKTRkTA-1Jms,"{'display_name': 'Sage Care Limited', '__CLASS__': 'Adzuna::API::Response::Company'}",full_time,48000.0
Branch Manager,,2026-02-04T12:07:18Z,Adzuna::API::Response::Job,0,"{'__CLASS__': 'Adzuna::API::Response::Location', 'area': ['UK', 'London'], 'display_name': 'London, UK'}",,,"{'__CLASS__': 'Adzuna::API::Response::Category', 'tag': 'healthcare-nursing-jobs', 'label': 'Healthcare & Nursing Jobs'}",https://www.adzuna.co.uk/jobs/land/ad/5613506895?se=1AUSroQH8RGEi8BzCNsJ8g&utm_medium=api&utm_source=aa88ce77&v=F39C4184263B1C185EE9BEDE50E14292717D81B5,"Company Description Branch Manager Southwark, SE16 7DW £43,339 - £48,773 per annum What we offer We’re creating brighter days. Fresh challenges. Exciting opportunities. Plenty of ups, downs and curveballs. With a career as a Branch Manager every day will be different to the next. Each will offer you the opportunity to do meaningful and rewarding work that makes a real difference to our clients lives and your career. Job Description What you’ll do The role of the Branch Manager is to manage the …",44339.0,5613506895,eyJhbGciOiJIUzI1NiJ9.eyJzIjoiMUFVU3JvUUg4UkdFaThCekNOc0o4ZyIsImkiOiI1NjEzNTA2ODk1In0.m3duYL8cJnQD8bWBLvaKVu1oEfmR1BG6mSxiR23KUAc,"{'display_name': 'Sage Care Limited', '__CLASS__': 'Adzuna::API::Response::Company'}",full_time,48773.0
Business Manager,,2026-02-01T07:21:24Z,Adzuna::API::Response::Job,1,"{'display_name': 'Snailwell, Newmarket', '__CLASS__': 'Adzuna::API::Response::Location', 'area': ['UK', 'Eastern England', 'Suffolk', 'Newmarket', 'Snailwell']}",0.407634,52.265279,"{'__CLASS__': 'Adzuna::API::Response::Category', 'tag': 'sales-jobs', 'label': 'Sales Jobs'}",https://www.adzuna.co.uk/jobs/land/ad/5608388678?se=1AUSroQH8RGEi8BzCNsJ8g&utm_medium=api&utm_source=aa88ce77&v=6B3016BEB5B56837BF71C5799204AC61F9F0D383,"Position: Business Manager Job Description: Arrow's Enterprise Computing Solutions (ECS) business is a global technology enablement company that brings innovative IT solutions to the market to solve complex business challenges. We deliver value-added distribution, business consulting, and channel enablement services to the world's leading technology manufacturers and their channel partners that serve commercial and government markets. Find more information about us on our page: arrow.com/global…",55080.21,5608388678,eyJhbGciOiJIUzI1NiJ9.eyJzIjoiMUFVU3JvUUg4UkdFaThCekNOc0o4ZyIsImkiOiI1NjA4Mzg4Njc4In0.QoTSEJolwErtxcZ8vDHGc7CTsIy3HrNDRZCHjcvGpbk,"{'__CLASS__': 'Adzuna::API::Response::Company', 'display_name': 'Arrow Electronics, Inc.'}",full_time,55080.21
Procurement Manager,permanent,2026-02-01T07:21:23Z,Adzuna::API::Response::Job,0,"{'display_name': 'Over Hulton, Bolton', '__CLASS__': 'Adzuna::API::Response::Location', 'area': ['UK', 'North West England', 'Greater Manchester', 'Bolton', 'Over Hulton']}",-2.439571,53.577422,"{'label': 'Retail Jobs', 'tag': 'retail-jobs', '__CLASS__': 'Adzuna::API::Response::Category'}",https://www.adzuna.co.uk/jobs/land/ad/5608388565?se=1AUSroQH8RGEi8BzCNsJ8g&utm_medium=api&utm_source=aa88ce77&v=723EA840EDA6113FD97EA69005A85CED3902093B,"At OFG, we work smarter so you can spend more time doing what makes you happy! Procurement Manager Bolton | Hybrid- working 2 days in the office Permanent | 37.5 hours per week (Mon–Fri) Salary: Up to £55,000 per annum (dependent on experience and qualifications) We’re reimagining work/life balance – and you could be part of it. In 2025, Outcomes First Group were officially certified as a ‘Great Place to Work’ for the sixth year running. We’re proud to be part of the 4-Day Working Week trial , …",0.0,5608388565,eyJhbGciOiJIUzI1NiJ9.eyJzIjoiMUFVU3JvUUg4UkdFaThCekNOc0o4ZyIsImkiOiI1NjA4Mzg4NTY1In0.jWqmPXPsG3UMpi2mj7vqKINT6GMG_USQFHcJ4XIpa3o,"{'__CLASS__': 'Adzuna::API::Response::Company', 'display_name': 'Outcomes First Group'}",,55000.0
Commercial Manager,,2025-11-19T14:55:17Z,Adzuna::API::Response::Job,1,"{'area': ['UK', 'North West England', 'Lancashire', 'Morecambe', 'Heysham'], '__CLASS__': 'Adzuna::API::Response::Location', 'display_name': 'Heysham, Morecambe'}",-2.926601,54.085712,"{'label': 'Engineering Jobs', '__CLASS__': 'Adzuna::API::Response::Category', 'tag': 'engineering-jobs'}",https://www.adzuna.co.uk/jobs/land/ad/5503188177?se=1AUSroQH8RGEi8BzCNsJ8g&utm_medium=api&utm_source=aa88ce77&v=61DB1A62BF1DE1C249F02557EDF19E350CEB8B8A,"Job Title: Commercial Manager Location: Barrow-in-Furness (3 days per week onsite). We offer a range of hybrid and flexible working arrangements – please speak to your recruiter about the options for this particular role. Salary: £55,000 depending on skills and experience What you’ll be doing: Support to all contract activity including the drafting and negotiation of complex terms and conditions and associated agreements with customers ensuring the interests of BAE Systems Responsible for all c…",55242.14,5503188177,eyJhbGciOiJIUzI1NiJ9.eyJpIjoiNTUwMzE4ODE3NyIsInMiOiIxQVVTcm9RSDhSR0VpOEJ6Q05zSjhnIn0.Ru5lH966Hxw-xKLFaAe2MO9-zfmcPkGkFBF3bpKJ3dQ,"{'display_name': 'BAE Systems', '__CLASS__': 'Adzuna::API::Response::Company'}",,55242.14
Client Manager,,2026-02-03T14:08:44Z,Adzuna::API::Response::Job,0,"{'__CLASS__': 'Adzuna::API::Response::Location', 'area': ['UK'], 'display_name': 'UK'}",,,"{'tag': 'healthcare-nursing-jobs', '__CLASS__': 'Adzuna::API::Response::Category', 'label': 'Healthcare & Nursing Jobs'}",https://www.adzuna.co.uk/jobs/land/ad/5611783029?se=1AUSroQH8RGEi8BzCNsJ8g&utm_medium=api&utm_source=aa88ce77&v=54DB34378F4703CF4B2761D345C0CC429E0F1609,"Company Description Client Manager - Complex Care Durham Tees Valley Business Centre, Orde Wingate Way, Stockton On Tees, Cleveland, TS19 0GD Salary up to £29,201 Driving licence and own transport is required Hours: Monday – Friday 9am – 5pm with additional on call duties on a rota basis What we offer We’re creating brighter days. Fresh challenges. Exciting opportunities. Plenty of ups, downs and curveballs. With a career as a Client Manager at Advantage Healthcare every day will be different t…",29201.0,5611783029,eyJhbGciOiJIUzI1NiJ9.eyJpIjoiNTYxMTc4MzAyOSIsInMiOiIxQVVTcm9RSDhSR0VpOEJ6Q05zSjhnIn0.3N0zlzK_gdiCSAa9jq7aQabTKQwRWgG-WTec2FYPJiU,"{'display_name': 'Advantage Healthcare Limited', '__CLASS__': 'Adzuna::API::Response::Company'}",full_time,29201.0
Store Manager,,2026-01-13T14:06:16Z,Adzuna::API::Response::Job,0,"{'display_name': 'Witham Town, Boston', 'area': ['UK', 'East Midlands', 'Lincolnshire', 'Boston', 'Witham Town'], '__CLASS__': 'Adzuna::API::Response::Location'}",-0.027239,52.978655,"{'label': 'Retail Jobs', '__CLASS__': 'Adzuna::API::Response::Category', 'tag': 'retail-jobs'}",https://www.adzuna.co.uk/jobs/land/ad/5582272877?se=1AUSroQH8RGEi8BzCNsJ8g&utm_medium=api&utm_source=aa88ce77&v=B770A0362ED67AD50AE2BE4E6823F1CE2E3FAAD2,"Join Our Team as a Retail Store Manager! What’s In It for You? Below are some of the many benefits we provide here at EE Significant earning potential through commission, rewards, and incentives. 24/7 access to an online GP for you and your immediate family. Market-leading paid carer’s leave. Equalized family leave with 18 weeks full pay and 8 weeks half pay. Huge discounts on EE & BT products, saving you hundreds of pounds annually. Support for your career development. Season Ticket Travel Loa…",33837.0,5582272877,eyJhbGciOiJIUzI1NiJ9.eyJpIjoiNTU4MjI3Mjg3NyIsInMiOiIxQVVTcm9RSDhSR0VpOEJ6Q05zSjhnIn0.XY0mLG6ew_WgNUMvwNXwDYKH8LLnzsd554d1fyxNgOY,"{'display_name': 'EE Retail', '__CLASS__': 'Adzuna::API::Response::Company'}",part_time,33837.0
Store Manager,,2026-02-02T20:03:49Z,Adzuna::API::Response::Job,0,"{'display_name': 'Mansfield Woodhouse, Mansfield', 'area': ['UK', 'East Midlands', 'Nottinghamshire', 'Mansfield', 'Mansfield Woodhouse'], '__CLASS__': 'Adzuna::API::Response::Location'}",-1.19823,53.147439,"{'tag': 'retail-jobs', '__CLASS__': 'Adzuna::API::Response::Category', 'label': 'Retail Jobs'}",https://www.adzuna.co.uk/jobs/land/ad/5610743284?se=1AUSroQH8RGEi8BzCNsJ8g&utm_medium=api&utm_source=aa88ce77&v=A081B99F511D6F640D0E402169953B48E2B3001E,"Join Our Team as a Retail Store Manager! Salary: Competitive What’s In It for You? Below are some of the many benefits we provide here at EE Significant earning potential through commission, rewards, and incentives. 24/7 access to an online GP for you and your immediate family. Market-leading paid carer’s leave. Equalized family leave with 18 weeks full pay and 8 weeks half pay. Huge discounts on EE & BT products, saving you hundreds of pounds annually. Support for your career development. Seas…",33837.0,5610743284,eyJhbGciOiJIUzI1NiJ9.eyJzIjoiMUFVU3JvUUg4UkdFaThCekNOc0o4ZyIsImkiOiI1NjEwNzQzMjg0In0.VIwyAkX555bDZj0YqbGPX9FfW5Q6bN4cbPxiUfn3NKw,"{'__CLASS__': 'Adzuna::API::Response::Company', 'display_name': 'EE Retail'}",part_time,33837.0
Audit Systems - Quality Management (ISQM essential) - Manager,,2026-01-08T17:35:15Z,Adzuna::API::Response::Job,1,"{'display_name': 'London, UK', 'area': ['UK', 'London'], '__CLASS__': 'Adzuna::API::Response::Location'}",-0.139134,51.503378,"{'label': 'Accounting & Finance Jobs', '__CLASS__': 'Adzuna::API::Response::Category', 'tag': 'accounting-finance-jobs'}",https://www.adzuna.co.uk/jobs/land/ad/5574025586?se=1AUSroQH8RGEi8BzCNsJ8g&utm_medium=api&utm_source=aa88ce77&v=4ABDA10AEBCEDDDA3DBB6A35CCC132CFCFC6A9F5,"At Forvis Mazars, we're always looking ahead, for our people, our clients and the wider world. Together, we grow , belong and impact . You'll be supported to learn, explore and develop from day one. We celebrate individuality, encourage bold thinking and believe success comes from working together. With us, you'll belong to your local team, gain global experience, and make a meaningful impact now and in the future. About The Team: Our Audit Quality Support Team plays a vital role in maintaining…",52788.73,5574025586,eyJhbGciOiJIUzI1NiJ9.eyJpIjoiNTU3NDAyNTU4NiIsInMiOiIxQVVTcm9RSDhSR0VpOEJ6Q05zSjhnIn0.SFp8Y60DmBgNDilr8V6xW4trMcnbvyz3SLw8Cow0LI4,"{'display_name': 'Forvis Mazars', '__CLASS__': 'Adzuna::API::Response::Company'}",full_time,52788.73
Senior Deputy Manager,permanent,2026-01-26T20:44:16Z,Adzuna::API::Response::Job,0,"{'display_name': 'Yate, Bristol', '__CLASS__': 'Adzuna::API::Response::Location', 'area': ['UK', 'South West England', 'Bristol', 'Yate']}",-2.41826,51.540901,"{'tag': 'teaching-jobs', '__CLASS__': 'Adzuna::API::Response::Category', 'label': 'Teaching Jobs'}",https://www.adzuna.co.uk/jobs/details/5601225785?utm_medium=api&utm_source=aa88ce77,"Join Partou, where children are the leaders! We are currently recruiting for a Senior Deputy Manager at Tippy Toes Day Nursery full time with a salary of £32,000 What to expect as a Senior Deputy Manager: To support the implementation of the EYFS including overseeing planning and record keeping Promote and facilitate partnership with parents, carers and families Support the development and maintenance of strong working relationships with relevant local authority departments, regulatory bodies a…",1000.0,5601225785,eyJhbGciOiJIUzI1NiJ9.eyJpIjoiNTYwMTIyNTc4NSIsInMiOiIxQVVTcm9RSDhSR0VpOEJ6Q05zSjhnIn0.p1uhB09HMDYk3n59gIlooayr8TYnbRQpI3k2qM3GE5k,"{'display_name': 'Partou', '__CLASS__': 'Adzuna::API::Response::Company'}",full_time,32000.0
Live-In Locality Manager,contract,2026-02-03T14:08:44Z,Adzuna::API::Response::Job,0,"{'area': ['UK'], '__CLASS__': 'Adzuna::API::Response::Location', 'display_name': 'UK'}",,,"{'label': 'Social work Jobs', '__CLASS__': 'Adzuna::API::Response::Category', 'tag': 'social-work-jobs'}",https://www.adzuna.co.uk/jobs/land/ad/5611783026?se=1AUSroQH8RGEi8BzCNsJ8g&utm_medium=api&utm_source=aa88ce77&v=D0E97399CF4F12DAE4F1168B7F3B4DC25BD2A483,"Company Description Live-In Locality Manager Salary: £38,426 per annum Contract: 9–12 month Fixed Term Contract (Maternity Cover starting 2nd March) Future opportunities: Potential to become permanent Location: Work from home with flexibility, supporting our Noble branch across Devon, Bath, Bristol, and Gloucestershire — regular weekly travel across the region will be required. You will need to be a driver with access to your own vehicle. Job Description About the role We’re looking for an expe…",0.0,5611783026,eyJhbGciOiJIUzI1NiJ9.eyJpIjoiNTYxMTc4MzAyNiIsInMiOiIxQVVTcm9RSDhSR0VpOEJ6Q05zSjhnIn0.7DM4mI70_cOhmrsvXZWn-UNsRmmbd0BVMfkhGx8NWOk,"{'__CLASS__': 'Adzuna::API::Response::Company', 'display_name': 'Noble Live-In Care'}",,38426.0
Building Services Manager,permanent,2026-02-10T23:27:40Z,Adzuna::API::Response::Job,1,"{'area': ['UK', 'Scotland', 'East Dunbartonshire', 'Bishopbriggs'], '__CLASS__': 'Adzuna::API::Response::Location', 'display_name': 'Bishopbriggs, East Dunbartonshire'}",-4.200209,55.878084,"{'label': 'Trade & Construction Jobs', '__CLASS__': 'Adzuna::API::Response::Category', 'tag': 'trade-construction-jobs'}",https://www.adzuna.co.uk/jobs/land/ad/5623470095?se=1AUSroQH8RGEi8BzCNsJ8g&utm_medium=api&utm_source=aa88ce77&v=C3C43AAAE2F035023AF85C02305536A50276B677,"We have an exciting opportunity for an MEP Services Manager to join our project team delivering HMP Glasgow, a flagship construction project in Scotland Location : Glasgow, Onsite Hours : Full Time, Permanent We are unable to offer certificates of sponsorship to any candidates in this role. What will you be responsible for? The role will oversee MEP (Mechanical, Electrical and Plumbing) services across multiple commercial buildings within the HMP Glasgow campus. You will manage designers and su…",67159.98,5623470095,eyJhbGciOiJIUzI1NiJ9.eyJpIjoiNTYyMzQ3MDA5NSIsInMiOiIxQVVTcm9RSDhSR0VpOEJ6Q05zSjhnIn0.Nt-RkFZ16vo5ARyrcdUT7ikWzSIFpUdm4qFkIoIbqNY,"{'__CLASS__': 'Adzuna::API::Response::Company', 'display_name': 'Kier Group'}",full_time,67159.98
Assistant Engineering Manager,,2026-02-05T20:30:47Z,Adzuna::API::Response::Job,1,"{'area': ['UK', 'London', 'South West London', 'New Malden'], '__CLASS__': 'Adzuna::API::Response::Location', 'display_name': 'New Malden, South West London'}",-0.25559,51.400398,"{'tag': 'engineering-jobs', '__CLASS__': 'Adzuna::API::Response::Category', 'label': 'Engineering Jobs'}",https://www.adzuna.co.uk/jobs/land/ad/5616160004?se=1AUSroQH8RGEi8BzCNsJ8g&utm_medium=api&utm_source=aa88ce77&v=91B090E10AA3824DED2BB900EE6588AD94B4C8FE,"Job Title: Assistant Engineering Manager Location: New Malden, Broad Oak (We offer a range of hybrid and flexible working arrangements – please speak to your recruiter about the options for this particular role) Salary: Circa £50,000 (dependent on skills and experience) What you’ll be doing: Supporting the Technical Authority and Engineering Manager in the management of Project Engineering activities, including providing help and direction on the overall project delivery; Managing the planning …",53813.93,5616160004,eyJhbGciOiJIUzI1NiJ9.eyJzIjoiMUFVU3JvUUg4UkdFaThCekNOc0o4ZyIsImkiOiI1NjE2MTYwMDA0In0.9Q898qSXAl7ViI2Xyl4B5Zo6qeQJjQBNpkCfr6r1dXI,"{'__CLASS__': 'Adzuna::API::Response::Company', 'display_name': 'BAE Systems'}",,53813.93
Senior Cost Manager,,2026-01-26T20:20:30Z,Adzuna::API::Response::Job,1,"{'display_name': 'West Pottergate, Norwich', '__CLASS__': 'Adzuna::API::Response::Location', 'area': ['UK', 'Eastern England', 'Norfolk', 'Norwich', 'West Pottergate']}",1.272602,52.639379,"{'label': 'Trade & Construction Jobs', '__CLASS__': 'Adzuna::API::Response::Category', 'tag': 'trade-construction-jobs'}",https://www.adzuna.co.uk/jobs/land/ad/5601218538?se=1AUSroQH8RGEi8BzCNsJ8g&utm_medium=api&utm_source=aa88ce77&v=A15EA035B5A04AADAED62DA9468B35709F148780,"We're looking for a Senior Cost Manager to join our Natural Resources team based in Norwich. Location: Norwich - remote working available, with occasional travel to the office and other sites required Hours : 45 hours per week - some flexibility on hours available if desired, just let us know when you speak to us We are unable to offer certificates of sponsorship to any candidates in this role. In this role you will be working on the Integrated Maintenance, Repair and Development Services (IMRD…",68592.71,5601218538,eyJhbGciOiJIUzI1NiJ9.eyJpIjoiNTYwMTIxODUzOCIsInMiOiIxQVVTcm9RSDhSR0VpOEJ6Q05zSjhnIn0.AVri8XVBTwI7fsAlpddDwB9t_kfczLgnV41yL_FPinc,"{'display_name': 'Kier Group', '__CLASS__': 'Adzuna::API::Response::Company'}",full_time,68592.71
Building Services Manager,,2026-02-05T12:00:30Z,Adzuna::API::Response::Job,1,"{'display_name': 'Bishopbriggs, East Dunbartonshire', '__CLASS__': 'Adzuna::API::Response::Location', 'area': ['UK', 'Scotland', 'East Dunbartonshire', 'Bishopbriggs']}",-4.200209,55.878084,"{'__CLASS__': 'Adzuna::API::Response::Category', 'tag': 'trade-construction-jobs', 'label': 'Trade & Construction Jobs'}",https://www.adzuna.co.uk/jobs/land/ad/5615602637?se=1AUSroQH8RGEi8BzCNsJ8g&utm_medium=api&utm_source=aa88ce77&v=9A2159332CF3E976F8E819D450663760F1936A9E,"W have an exciting opportunity for a MEP Building Services Manager to join our team construction our flagship HMP Glasgow project. Location : Glasgow (Robroyston) Hours : 42.5 Hours P/W We are unable to offer certificates of sponsorship to any candidates in this role. What will you be responsible for? The building services manager will work within the MEP team delivering £180M of services packages on a technically complex new build campus, the Building Services Manager will, for their assigned …",62365.04,5615602637,eyJhbGciOiJIUzI1NiJ9.eyJzIjoiMUFVU3JvUUg4UkdFaThCekNOc0o4ZyIsImkiOiI1NjE1NjAyNjM3In0.TJRk6B__aOM4_yPAlaGnSiUF12yjGe0pXlJcYyGDMJw,"{'__CLASS__': 'Adzuna::API::Response::Company', 'display_name': 'Kier Group'}",full_time,62365.04
Bid Project Manager,,2026-02-05T17:38:07Z,Adzuna::API::Response::Job,1,"{'display_name': 'Penenden Heath, Maidstone', '__CLASS__': 'Adzuna::API::Response::Location', 'area': ['UK', 'South East England', 'Kent', 'Maidstone', 'Penenden Heath']}",0.539359,51.280551,"{'__CLASS__': 'Adzuna::API::Response::Category', 'tag': 'engineering-jobs', 'label': 'Engineering Jobs'}",https://www.adzuna.co.uk/jobs/land/ad/5615788652?se=1AUSroQH8RGEi8BzCNsJ8g&utm_medium=api&utm_source=aa88ce77&v=BD387165A9052B7D69AFC7C95747FDB3B4A4A556,"Job Title: Bid Project Manager Location: Rochester; Kent Salary: Circa £62,000 depending on experience What you’ll be doing: Leading complex bids as structured projects, from opportunity shaping and campaign launch through to submission, negotiation and contract award Owning the end-to-end bid plan, including schedule, budget, risks and dependencies, applying effective project management discipline throughout Developing and delivering bid strategies aligned to capture plans, customer requiremen…",47912.74,5615788652,eyJhbGciOiJIUzI1NiJ9.eyJzIjoiMUFVU3JvUUg4UkdFaThCekNOc0o4ZyIsImkiOiI1NjE1Nzg4NjUyIn0.R0q0LZzhmoHo7GV-jLTsRzK5ezVpm_xQLweZRG4HcHY,"{'__CLASS__': 'Adzuna::API::Response::Company', 'display_name': 'BAE Systems'}",,47912.74
