adref,description,redirect_url,id,salary_min,salary_max,company,__CLASS__,salary_is_predicted,title,created,latitude,category,location,longitude,contract_time,contract_type
eyJhbGciOiJIUzI1NiJ9.eyJzIjoiWnRQUnJJUUg4UkdFaThCekNOc0o4ZyIsImkiOiI1NjE0NDUxMDI0In0.9ksyhSE43Nhwltt4Cf-6alAIcDdW0duc4metI9WTPWs,"Job Title: Project Finance Analyst Location: Rochester Salary: Up to £33,000 dependent on experience What you’ll be doing: Financially managing a suite of projects and complete reporting requirements for those projects Working with key stakeholders and supporting line leaders in the preparation and completion of financial forecasts Provide strong financial control , insightful reporting, and work closely with project teams to deliver financial commitments Partnering with the Project teams to un…",https://www.adzuna.co.uk/jobs/land/ad/5614451024?se=ZtPRrIQH8RGEi8BzCNsJ8g&utm_medium=api&utm_source=aa88ce77&v=F48C6A7BE3D8C130AD9C85F669223A1D87C03825,5614451024,34837.66,34837.66,"{'display_name': 'BAE Systems', '__CLASS__': 'Adzuna::API::Response::Company'}",Adzuna::API::Response::Job,1,Project Finance Analyst,2026-02-04T20:14:51Z,51.389801,"{'label': 'Accounting & Finance Jobs', 'tag': 'accounting-finance-jobs', '__CLASS__': 'Adzuna::API::Response::Category'}","{'display_name': 'Rochester, Kent', 'area': ['UK', 'South East England', 'Kent', 'Rochester'], '__CLASS__': 'Adzuna::API::Response::Location'}",0.503732,,
eyJhbGciOiJIUzI1NiJ9.eyJpIjoiNTU0OTI4MzEzMiIsInMiOiJadFBScklRSDhSR0VpOEJ6Q05zSjhnIn0.VHVPExzIasqbiMXTWag6pdee-MeiTH6a6mlz_1RPFVI,"Associate Finance Analyst  Job SpecificationFinance Analyst (12-Month Maternity Cover) Location: Reading Office (Hybrid – 2–3 days in-person per week) Contract Type: Full-time, Fixed-Term (12 months) Role Overview We are seeking a motivated Finance Analyst to provide maternity cover for a 12-month period. The role combines core finance analyst responsibilities with elements of project work and data analysis. The successful candidate will play a key role in supporting the team with journal posti…",https://www.adzuna.co.uk/jobs/details/5549283132?utm_medium=api&utm_source=aa88ce77,5549283132,39808.39,39808.39,"{'__CLASS__': 'Adzuna::API::Response::Company', 'display_name': 'HAYS'}",Adzuna::API::Response::Job,1,Financial Analyst,2025-12-19T23:36:58Z,51.455002,"{'tag': 'accounting-finance-jobs', '__CLASS__': 'Adzuna::API::Response::Category', 'label': 'Accounting & Finance Jobs'}","{'__CLASS__': 'Adzuna::API::Response::Location', 'area': ['UK', 'South East England', 'Berkshire', 'Reading'], 'display_name': 'Reading, Berkshire'}",-0.969088,full_time,contract
eyJhbGciOiJIUzI1NiJ9.eyJpIjoiNTU4NzgyMDUwNyIsInMiOiJadFBScklRSDhSR0VpOEJ6Q05zSjhnIn0.9Io29JA5k3PZlNizxoOKQUdQfzkjJz8HVicUoR4Y0qs,"Finance Analyst Job, Liverpool, Financial Services, £50000 to £60000 Your new company A large financial services business based in the heart of Liverpool. Working for this business you can expect to work collaboratively with multiskilled teams and to work for a business that can promote your career. They offer excellent benefits including hybrid working, a city centre location and fantastic pension. Your new role As Finance Analyst you will be responsible for analysing large and complex data se…",https://www.adzuna.co.uk/jobs/details/5587820507?utm_medium=api&utm_source=aa88ce77,5587820507,50000.0,60000.0,"{'__CLASS__': 'Adzuna::API::Response::Company', 'display_name': 'Hays'}",Adzuna::API::Response::Job,0,Finance Analyst,2026-01-16T14:56:19Z,53.410801,"{'tag': 'accounting-finance-jobs', '__CLASS__': 'Adzuna::API::Response::Category', 'label': 'Accounting & Finance Jobs'}","{'display_name': 'Liverpool, Merseyside', '__CLASS__': 'Adzuna::API::Response::Location', 'area': ['UK', 'North West England', 'Merseyside', 'Liverpool']}",-2.97784,,
eyJhbGciOiJIUzI1NiJ9.eyJpIjoiNTU0OTI4MzM2NCIsInMiOiJadFBScklRSDhSR0VpOEJ6Q05zSjhnIn0.cew6Ug4myXlN7-olIuUEupHE-EKNGn-D315bnAlCvZY,"12-Month Contract - Treasury Analyst Your new role An opportunity has arisen for a Temporary Treasury Analyst in the City of London, within Financial Services. Assisting with the completion of day-to-day treasury functions. The main duties of this role will include: Treasury Processes: •Full cover of all Treasury team responsibilities; •Preparation/processing of payment requests, obtaining approvals and ensuring payments are made within agreed internal timescales; •Maintaining bank, client and …",https://www.adzuna.co.uk/jobs/details/5549283364?utm_medium=api&utm_source=aa88ce77,5549283364,65000.0,78000.0,"{'display_name': 'HAYS', '__CLASS__': 'Adzuna::API::Response::Company'}",Adzuna::API::Response::Job,0,Treasury Analyst,2025-12-19T23:37:06Z,,"{'label': 'Accounting & Finance Jobs', '__CLASS__': 'Adzuna::API::Response::Category', 'tag': 'accounting-finance-jobs'}","{'area': ['UK', 'London'], '__CLASS__': 'Adzuna::API::Response::Location', 'display_name': 'London, UK'}",,,contract
eyJhbGciOiJIUzI1NiJ9.eyJpIjoiNTU1MzA5MTgyNSIsInMiOiJadFBScklRSDhSR0VpOEJ6Q05zSjhnIn0.PrH6eUNBE4agMYMcJAK-2zpjmW3fRSWYO9MKhfL-VH0,"FP&A Analyst - Cheltenham – Hybrid working - Progressive role Location: Cheltenham / HybridDepartment: Finance Reports to: Head of FP&A Hays Senior Finance are partnering with a progressive and forward-thinking financial services business based in Cheltenham. You will be joining a dynamic finance team and play a key role in shaping strategic decisions through insightful analysis and robust financial modelling. About the Role As an FP&A Analyst, you’ll be part of a high-performing team responsib…",https://www.adzuna.co.uk/jobs/details/5553091825?utm_medium=api&utm_source=aa88ce77,5553091825,50000.0,60000.0,"{'__CLASS__': 'Adzuna::API::Response::Company', 'display_name': 'HAYS'}",Adzuna::API::Response::Job,0,FP&A Analyst,2025-12-23T18:28:15Z,51.897999,"{'__CLASS__': 'Adzuna::API::Response::Category', 'tag': 'accounting-finance-jobs', 'label': 'Accounting & Finance Jobs'}","{'display_name': 'Cheltenham, Gloucestershire', '__CLASS__': 'Adzuna::API::Response::Location', 'area': ['UK', 'South West England', 'Gloucestershire', 'Cheltenham']}",-2.07131,,
eyJhbGciOiJIUzI1NiJ9.eyJzIjoiWnRQUnJJUUg4UkdFaThCekNOc0o4ZyIsImkiOiI1NjIyNTg2ODA5In0.tPnBKZL2fubSxro1oG1orLcTPlB3RGbCPg-Adp1LiRg,"Expense Analyst | Fund Finance | Temporary Your new company A long‑established UK-based investment manager responsible for safeguarding and growing a multi‑billion‑pound portfolio on behalf of hundreds of thousands of members through taking a long‑term, purpose‑driven approach to delivering sustainable outcomes for their beneficiaries. Their work spans various financial services, supported by a focus on responsible stewardship, risk‑adjusted long‑term returns, and positive social and environmen…",https://www.adzuna.co.uk/jobs/details/5622586809?utm_medium=api&utm_source=aa88ce77,5622586809,52041.04,52041.04,"{'__CLASS__': 'Adzuna::API::Response::Company', 'display_name': 'Hays'}",Adzuna::API::Response::Job,1,Expense Analyst,2026-02-10T13:57:43Z,,"{'tag': 'accounting-finance-jobs', '__CLASS__': 'Adzuna::API::Response::Category', 'label': 'Accounting & Finance Jobs'}","{'area': ['UK', 'London'], '__CLASS__': 'Adzuna::API::Response::Location', 'display_name': 'London, UK'}",,,
eyJhbGciOiJIUzI1NiJ9.eyJzIjoiWnRQUnJJUUg4UkdFaThCekNOc0o4ZyIsImkiOiI1NjIyNTg2ODI0In0.ujUjfqXO_125rIhq-hK1rZjxlXymDop2p9Q01FCyCI8,"Finance Analyst job, Farnborough, Hampshire paying up to £55k  Bonus  Hybrid Working Your new company You will be joining a growing UK-based group in their Head Office in the centre of Farnborough, Hampshire. The business has been in existence for over 20 years and in the last 4 years has doubled through acquisition. Your new role Reporting to the Head of Finance, you will be taking on a broad role that combines analysis and business partnering. This is a key role where you will take charge of …",https://www.adzuna.co.uk/jobs/details/5622586824?utm_medium=api&utm_source=aa88ce77,5622586824,50000.0,55000.0,"{'__CLASS__': 'Adzuna::API::Response::Company', 'display_name': 'Hays'}",Adzuna::API::Response::Job,0,Finance Analyst,2026-02-10T13:57:44Z,51.293999,"{'label': 'Accounting & Finance Jobs', 'tag': 'accounting-finance-jobs', '__CLASS__': 'Adzuna::API::Response::Category'}","{'display_name': 'Farnborough, Hampshire', 'area': ['UK', 'South East England', 'Hampshire', 'Farnborough'], '__CLASS__': 'Adzuna::API::Response::Location'}",-0.754624,,
eyJhbGciOiJIUzI1NiJ9.eyJzIjoiWnRQUnJJUUg4UkdFaThCekNOc0o4ZyIsImkiOiI1NjIyNTg2ODE1In0.WrDcTrUV6EAuz0DiYS7fPnp3mxvta1MVXXrapsYDnw8,"Finance AnalystBased in StokeHybrid Workingc.£45,000 Your new company Your new company are a leader in their field based Stoke and are looking for a Finance Analyst with excellent Power BI experience to join their team on a permanent basis. Your new role Your new role will include but not be limited to: Lead the preparation and ongoing development of the annual financial plan. Coordinate the monthly forecasting cycle, consolidating updates from key stakeholders. Build and maintain cashflow mode…",https://www.adzuna.co.uk/jobs/details/5622586815?utm_medium=api&utm_source=aa88ce77,5622586815,45000.0,45000.0,"{'__CLASS__': 'Adzuna::API::Response::Company', 'display_name': 'Hays'}",Adzuna::API::Response::Job,0,Finance Analyst,2026-02-10T13:57:43Z,53.026501,"{'label': 'Accounting & Finance Jobs', '__CLASS__': 'Adzuna::API::Response::Category', 'tag': 'accounting-finance-jobs'}","{'__CLASS__': 'Adzuna::API::Response::Location', 'area': ['UK', 'West Midlands', 'Staffordshire', 'Stoke-On-Trent'], 'display_name': 'Stoke-On-Trent, Staffordshire'}",-2.17664,,permanent
eyJhbGciOiJIUzI1NiJ9.eyJzIjoiWnRQUnJJUUg4UkdFaThCekNOc0o4ZyIsImkiOiI1NTQ5MjgzMzkxIn0.HPZC214_Z10Zz5Q_D5JYt7UJRH4nR05MxWumHHPaloA,"Accounts Assistant Principal Responsibilities Maintain accurate and up-to-date accounting records. Prepare and process approved journal entries and reference data within the ledger system. Reconcile balance sheet accounts and resolve discrepancies. Manage payment processing in line with delegated authorities and follow up on outstanding invoices and statements. Issue customer invoices and statements, and monitor and resolve outstanding balances. Handle receipts, including banking and matching t…",https://www.adzuna.co.uk/jobs/details/5549283391?utm_medium=api&utm_source=aa88ce77,5549283391,26000.0,28000.0,"{'__CLASS__': 'Adzuna::API::Response::Company', 'display_name': 'HAYS'}",Adzuna::API::Response::Job,0,finance analyst,2025-12-19T23:37:07Z,51.897999,"{'tag': 'accounting-finance-jobs', '__CLASS__': 'Adzuna::API::Response::Category', 'label': 'Accounting & Finance Jobs'}","{'area': ['UK', 'South West England', 'Gloucestershire', 'Cheltenham'], '__CLASS__': 'Adzuna::API::Response::Location', 'display_name': 'Cheltenham, Gloucestershire'}",-2.07131,,
eyJhbGciOiJIUzI1NiJ9.eyJpIjoiNTYyNDQ5OTY3MyIsInMiOiJadFBScklRSDhSR0VpOEJ6Q05zSjhnIn0.K3fssSfSAer3FA3Vb2Fg75lEXePrAIz0Y20-i11l-uc,"Job Title: Project Finance Senior Analyst Location: Barrow-in-Furness or Sheffield – We offer a range of hybrid and flexible working arrangements – please speak to your recruiter about the options for this particular role Salary: £47,000 (DOE) What you’ll be doing: You will support the creation of timely insights, reporting and business intelligence to guide performance, ensuring smooth working-capital activity for projects and contributing to the delivery of high-quality project financial outc…",https://www.adzuna.co.uk/jobs/land/ad/5624499673?se=ZtPRrIQH8RGEi8BzCNsJ8g&utm_medium=api&utm_source=aa88ce77&v=B908CDD9306481E8CC5F3F735EFBFAEF94290DEF,5624499673,45752.9,45752.9,"{'__CLASS__': 'Adzuna::API::Response::Company', 'display_name': 'BAE Systems'}",Adzuna::API::Response::Job,1,Project Finance Senior Analyst,2026-02-11T17:57:06Z,54.188702,"{'label': 'Accounting & Finance Jobs', '__CLASS__': 'Adzuna::API::Response::Category', 'tag': 'accounting-finance-jobs'}","{'display_name': 'Askam-In-Furness, Cumbria', '__CLASS__': 'Adzuna::API::Response::Location', 'area': ['UK', 'North West England', 'Cumbria', 'Askam-In-Furness']}",-3.20408,,
eyJhbGciOiJIUzI1NiJ9.eyJzIjoiWnRQUnJJUUg4UkdFaThCekNOc0o4ZyIsImkiOiI1NjA0NzU3MTQyIn0.sEc7BQ_Ot0o3MK-xIkOR3ShzVjHkupZDNYq3RSPGIWo,"Accounts Payable Analyst job in Inverclyde Your New CompanyBased in Inverclyde, our client is recruiting for an Accounts Payable Analyst to join their team on a permanent basis. The hours of work are Monday–Friday 9am–5pm. The organisation can be accessed by public transport and there is also on-site parking. Upon successful pass of your probation, the organisation offers hybrid working of 3 days in office and 2 days from home. Your New Role As an Accounts Payable Analyst, you’ll play a key rol…",https://www.adzuna.co.uk/jobs/details/5604757142?utm_medium=api&utm_source=aa88ce77,5604757142,25000.0,27000.0,"{'display_name': 'HAYS', '__CLASS__': 'Adzuna::API::Response::Company'}",Adzuna::API::Response::Job,0,Accounts Payable Analyst,2026-01-29T15:40:48Z,,"{'__CLASS__': 'Adzuna::API::Response::Category', 'tag': 'accounting-finance-jobs', 'label': 'Accounting & Finance Jobs'}","{'area': ['UK', 'Scotland', 'Glasgow', 'Glasgow City Centre'], '__CLASS__': 'Adzuna::API::Response::Location', 'display_name': 'Glasgow City Centre, Glasgow'}",,,permanent
eyJhbGciOiJIUzI1NiJ9.eyJpIjoiNTU0OTI4MzM5OCIsInMiOiJadFBScklRSDhSR0VpOEJ6Q05zSjhnIn0.-ej1dNlqEBn3QmEyZ1qRDZozTMqf3J-NjZhmxsafEOA,"Group Reporting Analyst – Hungerford (Hybrid) Group Reporting Analyst – Hybrid RoleLocation: Hungerford (3 days in office, 2 days remote)Salary: £60,000 per annumContract: Full-Time, PermanentAre you a detail-oriented finance professional with strong analytical skills? We have an exciting opportunity for a Group Reporting Analyst to join a dynamic, fast-paced organisation during a period of growth and transformation.About the RoleYou’ll be part of a newly formed Group Reporting & Analysis team,…",https://www.adzuna.co.uk/jobs/details/5549283398?utm_medium=api&utm_source=aa88ce77,5549283398,60000.0,60000.0,"{'__CLASS__': 'Adzuna::API::Response::Company', 'display_name': 'HAYS'}",Adzuna::API::Response::Job,0,Group Reporting Analyst,2025-12-19T23:37:08Z,51.400398,"{'label': 'Accounting & Finance Jobs', '__CLASS__': 'Adzuna::API::Response::Category', 'tag': 'accounting-finance-jobs'}","{'display_name': 'Newbury, West Berkshire', 'area': ['UK', 'South East England', 'West Berkshire', 'Newbury'], '__CLASS__': 'Adzuna::API::Response::Location'}",-1.32186,full_time,
eyJhbGciOiJIUzI1NiJ9.eyJpIjoiNTYyMjU4NjgyMSIsInMiOiJadFBScklRSDhSR0VpOEJ6Q05zSjhnIn0.8wTc3Mg9ZdBXVSDtYcqA_SyigbMBhpTPpmYBLWELDQY,"Commercial Finance Analyst job paying up to £65k, hybrid, bonus, benefits. Permanent job in Surrey! Your new company You will be joining a high-growth International group based close to Cobham, Surrey. The business is private equity-backed and thanks to recent investment, they are further expanding their operations. You'll be joining the high-performing commercial finance team in a highly visible job supporting Ops. Your new role Reporting into the head of commercial finance, you will be taking…",https://www.adzuna.co.uk/jobs/details/5622586821?utm_medium=api&utm_source=aa88ce77,5622586821,55000.0,65000.0,"{'__CLASS__': 'Adzuna::API::Response::Company', 'display_name': 'Hays'}",Adzuna::API::Response::Job,0,Commercial Finance Analyst,2026-02-10T13:57:44Z,51.329201,"{'tag': 'accounting-finance-jobs', '__CLASS__': 'Adzuna::API::Response::Category', 'label': 'Accounting & Finance Jobs'}","{'display_name': 'Cobham, Surrey', 'area': ['UK', 'South East England', 'Surrey', 'Cobham'], '__CLASS__': 'Adzuna::API::Response::Location'}",-0.411189,,permanent
eyJhbGciOiJIUzI1NiJ9.eyJpIjoiNTU4OTMzODcyNCIsInMiOiJadFBScklRSDhSR0VpOEJ6Q05zSjhnIn0.asTOy5_cwj5OySLQtCPx2nh9UkTK7US_WUkE_N1IUA4,"Senior Credit Analyst Required for Global Luxury Fashion Brand Based In Central London! Your new company This established luxury fashion brand is known throughout the world and has been recognised for its iconic collections over the years. The Finance team are a sociable, engaging team supporting a customer-centric and cutting-edge multi-entity Business Function. The team are looking for a Credit Analyst to support their credit department and the wider finance function. Your new role Support co…",https://www.adzuna.co.uk/jobs/details/5589338724?utm_medium=api&utm_source=aa88ce77,5589338724,45000.0,45000.0,"{'__CLASS__': 'Adzuna::API::Response::Company', 'display_name': 'Hays'}",Adzuna::API::Response::Job,0,Senior Credit Analyst,2026-01-17T17:15:52Z,,"{'label': 'Accounting & Finance Jobs', 'tag': 'accounting-finance-jobs', '__CLASS__': 'Adzuna::API::Response::Category'}","{'display_name': 'London, UK', 'area': ['UK', 'London'], '__CLASS__': 'Adzuna::API::Response::Location'}",,,
eyJhbGciOiJIUzI1NiJ9.eyJpIjoiNTYyMjU4NjgyMyIsInMiOiJadFBScklRSDhSR0VpOEJ6Q05zSjhnIn0.btvrSd-FWgJfX5ooy_lGA5abqZE9d4-wCBjShmtK3sc,"Senior finance analyst job, Guildford, Surrey, paying up to £60k Your new company You will be joining a growing group based close to Guildford, Surrey. They have recently seen an injection of investment and are therefore looking to grow in a number of areas including finance. Your new role Reporting into the Financial Controller, your role will be key in supporting several departments with high quality financial analytics. You will be business partnering with Managers and Directors in each of t…",https://www.adzuna.co.uk/jobs/details/5622586823?utm_medium=api&utm_source=aa88ce77,5622586823,55000.0,60000.0,"{'display_name': 'Hays', '__CLASS__': 'Adzuna::API::Response::Company'}",Adzuna::API::Response::Job,0,Senior Finance Analyst,2026-02-10T13:57:44Z,51.236401,"{'label': 'Accounting & Finance Jobs', '__CLASS__': 'Adzuna::API::Response::Category', 'tag': 'accounting-finance-jobs'}","{'display_name': 'Guildford, Surrey', 'area': ['UK', 'South East England', 'Surrey', 'Guildford'], '__CLASS__': 'Adzuna::API::Response::Location'}",-0.570291,,
eyJhbGciOiJIUzI1NiJ9.eyJpIjoiNTYwNDc1NzEzMCIsInMiOiJadFBScklRSDhSR0VpOEJ6Q05zSjhnIn0.sfgPd4OdJZGnD4SinvGr0kOp057Uyc3Wf3Dv2l9au2w,"Billings & Contracts Analyst - Hoddesdon area - £generous  excellent benefits Your new company A leading organisation with a global presence is seeking a proactive, analytical and process-driven individual to join their finance team on a full-time permanent basis at their site near Hoddesdon. Your new role Working in a collaborative and supportive environment, this role will play a pivotal role in the order processing of contracts, including invoicing and project tracking. Maintaining sales ord…",https://www.adzuna.co.uk/jobs/details/5604757130?utm_medium=api&utm_source=aa88ce77,5604757130,36074.53,36074.53,"{'__CLASS__': 'Adzuna::API::Response::Company', 'display_name': 'Hays'}",Adzuna::API::Response::Job,1,Billings & Contract Analyst,2026-01-29T15:40:48Z,,"{'tag': 'accounting-finance-jobs', '__CLASS__': 'Adzuna::API::Response::Category', 'label': 'Accounting & Finance Jobs'}","{'__CLASS__': 'Adzuna::API::Response::Location', 'area': ['UK'], 'display_name': 'UK'}",,full_time,permanent
eyJhbGciOiJIUzI1NiJ9.eyJzIjoiWnRQUnJJUUg4UkdFaThCekNOc0o4ZyIsImkiOiI1NTg5MzM4NzM0In0.-hA8C-9N86zuZOM2DdO8rJEY3iOgNpkRsYRGiSeXXvU,"Interim Finance Analyst | Global Financial Services | Up to £400 Daily Rate | Hybrid | Manchester City Centre Your new company The company is a global healthcare leader providing health insurance and medical services worldwide. The business is going through a critical phase of transformation, with the potential for further opportunities moving forward. Join a purpose-driven organisation committed to excellence. You’ll be part of a collaborative, high-performing finance team that partners across…",https://www.adzuna.co.uk/jobs/details/5589338734?utm_medium=api&utm_source=aa88ce77,5589338734,0.0,104000.0,"{'display_name': 'Hays', '__CLASS__': 'Adzuna::API::Response::Company'}",Adzuna::API::Response::Job,0,Interim Finance Analyst,2026-01-17T17:15:53Z,,"{'__CLASS__': 'Adzuna::API::Response::Category', 'tag': 'accounting-finance-jobs', 'label': 'Accounting & Finance Jobs'}","{'display_name': 'UK', '__CLASS__': 'Adzuna::API::Response::Location', 'area': ['UK']}",,,contract
eyJhbGciOiJIUzI1NiJ9.eyJzIjoiWnRQUnJJUUg4UkdFaThCekNOc0o4ZyIsImkiOiI1NjI0MDg5OTEzIn0.oZdbJF7pAwZVm85ZLAJSd1ccOe6_EPfQ4w-KhCLRN0U,"Ideas | People | Trust We’re BDO. An accountancy and business advisory firm, providing the advice and solutions entrepreneurial organisations need to navigate today’s changing world. We work with the companies that are Britain’s economic engine – ambitious, entrepreneurially-spirited and high‑growth businesses that fuel the economy - and directly advise the owners and management teams that lead them. We’ll broaden your horizons Manage risk for our clients to make them stronger for the future. O…",https://www.adzuna.co.uk/jobs/land/ad/5624089913?se=ZtPRrIQH8RGEi8BzCNsJ8g&utm_medium=api&utm_source=aa88ce77&v=21F81DF43A0489E3B14F0E9DFF287637CFEB37E6,5624089913,61602.96,61602.96,"{'__CLASS__': 'Adzuna::API::Response::Company', 'display_name': 'BDO UK'}",Adzuna::API::Response::Job,1,BDO Digital Analyst,2026-02-11T10:35:00Z,,"{'__CLASS__': 'Adzuna::API::Response::Category', 'tag': 'it-jobs', 'label': 'IT Jobs'}","{'display_name': 'Birmingham, West Midlands', 'area': ['UK', 'West Midlands', 'Birmingham'], '__CLASS__': 'Adzuna::API::Response::Location'}",,full_time,
eyJhbGciOiJIUzI1NiJ9.eyJzIjoiWnRQUnJJUUg4UkdFaThCekNOc0o4ZyIsImkiOiI1NTY5NjYzMzQzIn0.ulyVYTjNxFCtKa4DH4TEcOzFx56vPbb0xy6jrPBTTrw,"Job Description Join the DataAnnotation team and contribute to developing cutting-edge AI systems, while enjoying the flexibility of remote work and setting your own schedule. We are looking for an expert Mathematician (part-time work from home) to help advance AI development. As a member of DataAnnotation’s Math team, you’ll be part of a growing community of over 100,000 experts who are driving real-world impact in AI development. Our platform offers an engaging blend of flexibility and challe…",https://www.adzuna.co.uk/jobs/land/ad/5569663343?se=ZtPRrIQH8RGEi8BzCNsJ8g&utm_medium=api&utm_source=aa88ce77&v=B026E8765ABBEBC692AE8B9325FC602F6C28FFB8,5569663343,55085.62,55085.62,"{'__CLASS__': 'Adzuna::API::Response::Company', 'display_name': 'DataAnnotation'}",Adzuna::API::Response::Job,1,Research Analyst,2026-01-06T09:37:50Z,52.585701,"{'tag': 'it-jobs', '__CLASS__': 'Adzuna::API::Response::Category', 'label': 'IT Jobs'}","{'__CLASS__': 'Adzuna::API::Response::Location', 'area': ['UK', 'West Midlands', 'Wolverhampton'], 'display_name': 'Wolverhampton, West Midlands'}",-2.12925,part_time,
eyJhbGciOiJIUzI1NiJ9.eyJzIjoiWnRQUnJJUUg4UkdFaThCekNOc0o4ZyIsImkiOiI1NTQ2ODA0MzgyIn0.hR6FLdC2t2KxrnpD6qJA9yRM1nMjEBqXM7FUdNvyQmQ,"First Line Analyst L2 Join a leading independent technology and services provider as a First Line Analyst (L2)! Job Overview: Once fully trained and operational, you will be working 2 days from the Nottingham office and 3 days at home. Training:Training will be on the job side by side shadowing on site in the Nottingham office for 2 weeks as a minimum until you are comfortable and able to work with minimal support. Workload:There are 6 analysts on the team sharing a workload of approx. 1000 cal…",https://www.adzuna.co.uk/jobs/details/5546804382?utm_medium=api&utm_source=aa88ce77,5546804382,34008.0,34008.0,"{'__CLASS__': 'Adzuna::API::Response::Company', 'display_name': 'HAYS'}",Adzuna::API::Response::Job,0,First Line Analyst (L2),2025-12-18T07:18:26Z,52.955101,"{'tag': 'customer-services-jobs', '__CLASS__': 'Adzuna::API::Response::Category', 'label': 'Customer Services Jobs'}","{'area': ['UK', 'East Midlands', 'Nottinghamshire', 'Nottingham'], '__CLASS__': 'Adzuna::API::Response::Location', 'display_name': 'Nottingham, Nottinghamshire'}",-1.14917,,contract
eyJhbGciOiJIUzI1NiJ9.eyJpIjoiNTU0OTI4MzEyNSIsInMiOiJadFBScklRSDhSR0VpOEJ6Q05zSjhnIn0.viyIvbKE_vdV2s9roQNySaze7I40H9qFQgfrCj0e6Us,"Tax accounting role with an industrial giant ideally tailored for a first-time mover. Senior Tax Analyst (in-house) Leicester or Peterborough (office based) to£60,000  bonus  pension  share scheme  benefits Your new company A multinational group with a global footprint. Your new role This role will focus on tax accounting and reporting whilst also reviewing the CT comps prepared by a third party provider. There will be additional opportunity to support on tax projects and provide a business adv…",https://www.adzuna.co.uk/jobs/details/5549283125?utm_medium=api&utm_source=aa88ce77,5549283125,60000.0,60000.0,"{'display_name': 'HAYS', '__CLASS__': 'Adzuna::API::Response::Company'}",Adzuna::API::Response::Job,0,Senior Tax Analyst (in-house),2025-12-19T23:36:58Z,,"{'__CLASS__': 'Adzuna::API::Response::Category', 'tag': 'accounting-finance-jobs', 'label': 'Accounting & Finance Jobs'}","{'area': ['UK'], '__CLASS__': 'Adzuna::API::Response::Location', 'display_name': 'UK'}",,,
eyJhbGciOiJIUzI1NiJ9.eyJzIjoiWnRQUnJJUUg4UkdFaThCekNOc0o4ZyIsImkiOiI1NjA3NTA3NjU1In0.Dw6fxX2hfnARqa_bqL5aFqpho16NP799qs6RYicUeWU,"Tax Analyst AAT ATT ACCA ACA CTA Bournemouth Dorset Your new company This is an excellent opportunity to step into an in‑house tax role within a dynamic, fast‑growing organisation. Reporting to the Tax Manager, the Tax Analyst will support the UK Tax team across a broad range of business taxes—CT, VAT, employment taxes, IPT, and international tax. This is a varied position offering exposure across compliance, reporting, governance, and cross‑functional collaboration. Your new role Compliance Pr…",https://www.adzuna.co.uk/jobs/details/5607507655?utm_medium=api&utm_source=aa88ce77,5607507655,47750.85,47750.85,"{'__CLASS__': 'Adzuna::API::Response::Company', 'display_name': 'HAYS'}",Adzuna::API::Response::Job,1,NEW ROLE! In House - Tax Analyst,2026-01-31T17:55:02Z,50.721699,"{'tag': 'accounting-finance-jobs', '__CLASS__': 'Adzuna::API::Response::Category', 'label': 'Accounting & Finance Jobs'}","{'display_name': 'Bournemouth, Dorset', '__CLASS__': 'Adzuna::API::Response::Location', 'area': ['UK', 'South West England', 'Dorset', 'Bournemouth']}",-1.87853,,
eyJhbGciOiJIUzI1NiJ9.eyJzIjoiWnRQUnJJUUg4UkdFaThCekNOc0o4ZyIsImkiOiI1NTQ5MjgyMjQzIn0.XLYT1h7GaFWw7QPb0j-zMGdzVmVZUODwDJY9xUv07vs,"Senior Financial Analyst for a Family Office based in London West End Your new company A newly set-up Family Office based in London, looking after circa 2bn in AUM. The office has been set up in the same business offices as the Principles' original Founder operation, meaning there is a nice corporate structure alongside an entrepreneurial growth feel. Your new role Working in a newly created role, reporting to the Principal and Chief of Staff, this role is business case focused with a finance l…",https://www.adzuna.co.uk/jobs/details/5549282243?utm_medium=api&utm_source=aa88ce77,5549282243,100000.0,110000.0,"{'display_name': 'HAYS', '__CLASS__': 'Adzuna::API::Response::Company'}",Adzuna::API::Response::Job,0,Senior Financial Analyst (Family Office),2025-12-19T23:36:22Z,,"{'label': 'Accounting & Finance Jobs', 'tag': 'accounting-finance-jobs', '__CLASS__': 'Adzuna::API::Response::Category'}","{'__CLASS__': 'Adzuna::API::Response::Location', 'area': ['UK', 'London'], 'display_name': 'London, UK'}",,,
eyJhbGciOiJIUzI1NiJ9.eyJpIjoiNTYxMTg2MDIyMSIsInMiOiJadFBScklRSDhSR0VpOEJ6Q05zSjhnIn0.-ExGlfK756swMFS1jrqb98xJFCJzFcqgrVE0iscVD3Q,"Are you looking to benefit from a new career in Data Analysis? If you are detail orientated, perceptive, organised, competent, analytical and can communicate well with those around you; you could have a truly rewarding future as a Data Analyst We do this using our specialised Data Analyst career programme which looks to assist and place qualified candidates into a career pathway in Data Analysis. Please note this career program is designed for entry level individuals with limited or no experien…",https://www.adzuna.co.uk/jobs/land/ad/5611860221?se=ZtPRrIQH8RGEi8BzCNsJ8g&utm_medium=api&utm_source=aa88ce77&v=57C4A979C254543340B1C9B7F1B8915DA5B0B13E,5611860221,30000.0,50000.0,"{'__CLASS__': 'Adzuna::API::Response::Company', 'display_name': 'ITOL Recruit'}",Adzuna::API::Response::Job,0,Data Analyst Trainee,2026-02-03T16:08:41Z,,"{'label': 'IT Jobs', 'tag': 'it-jobs', '__CLASS__': 'Adzuna::API::Response::Category'}","{'display_name': 'UK', '__CLASS__': 'Adzuna::API::Response::Location', 'area': ['UK']}",,full_time,permanent
eyJhbGciOiJIUzI1NiJ9.eyJpIjoiNTYxMTg2MDIxMiIsInMiOiJadFBScklRSDhSR0VpOEJ6Q05zSjhnIn0.UciK_CQ_IBapcfe1YGYPdg1SPtFugWEqAi_V5PamJxc,"Are you looking to start a career as a Business Analyst (BA) and need tailored recruitment support and the right qualifications to secure your career? A business analyst is a problem solver who for example investigates an issue or area of weakness within an organisation, analyses solutions and helps facilitate the change that is needed. If you enjoy problem solving and analysing, have good admin skills and communicate well, then a career in this rewarding sector will suit you. Demand for junior…",https://www.adzuna.co.uk/jobs/land/ad/5611860212?se=ZtPRrIQH8RGEi8BzCNsJ8g&utm_medium=api&utm_source=aa88ce77&v=EF0BA606AECC5EC9386987D621226EE55CF94179,5611860212,26000.0,39000.0,"{'__CLASS__': 'Adzuna::API::Response::Company', 'display_name': 'ITOL Recruit'}",Adzuna::API::Response::Job,0,Business Analyst Trainee,2026-02-03T16:08:41Z,,"{'label': 'IT Jobs', '__CLASS__': 'Adzuna::API::Response::Category', 'tag': 'it-jobs'}","{'__CLASS__': 'Adzuna::API::Response::Location', 'area': ['UK'], 'display_name': 'UK'}",,full_time,permanent
eyJhbGciOiJIUzI1NiJ9.eyJpIjoiNTU1MzA5MTk1NyIsInMiOiJadFBScklRSDhSR0VpOEJ6Q05zSjhnIn0.fV1gMUjXlDX7krESEGZFl7gQeYIRs_6cDZn29cuR4Fw,"Job Description Business Systems Analyst- UK Telecommuter Optum is a global organization that delivers care, aided by technology to help millions of people live healthier lives. The work you do with our team will directly improve health outcomes by connecting people with the care, pharmacy benefits, data and resources they need to feel their best. Here, you will find a culture guided by diversity and inclusion, talented peers, comprehensive benefits and career development opportunities. Come ma…",https://www.adzuna.co.uk/jobs/land/ad/5553091957?se=ZtPRrIQH8RGEi8BzCNsJ8g&utm_medium=api&utm_source=aa88ce77&v=E65DCFEC6A85CB2615E06E5593E19F4D8ACFDE33,5553091957,50138.19,50138.19,"{'__CLASS__': 'Adzuna::API::Response::Company', 'display_name': 'Optum'}",Adzuna::API::Response::Job,1,Business Systems Analyst (Cardiology PACS),2025-12-23T18:28:30Z,51.513091,"{'label': 'IT Jobs', '__CLASS__': 'Adzuna::API::Response::Category', 'tag': 'it-jobs'}","{'area': ['UK', 'London', 'Central London', 'Fenchurch St'], '__CLASS__': 'Adzuna::API::Response::Location', 'display_name': 'Fenchurch St, Central London'}",-0.078274,,
eyJhbGciOiJIUzI1NiJ9.eyJzIjoiWnRQUnJJUUg4UkdFaThCekNOc0o4ZyIsImkiOiI1NjIxMjc2ODIzIn0.PL1tFquSky19AZQqezgUnxgo-5pAcEE9fWCTZi0lwhE,"About the role University of Staffordshire has embarked on an ambitious and unique transformation in the Higher Education sector where we strive to become the UKs leading Digital University. To help deliver this, were looking for an enthusiastic and experienced Infrastructure Analyst to join our Infrastructure team. This is a technical role supporting the delivery and technical development of server, storage and Azure Cloud services across the University. The Infrastructure Analyst role is crit…",https://www.adzuna.co.uk/jobs/land/ad/5621276823?se=ZtPRrIQH8RGEi8BzCNsJ8g&utm_medium=api&utm_source=aa88ce77&v=4B856777F4BE60BEDDB2F08F41076C9298EEF615,5621276823,35000.0,35000.0,"{'__CLASS__': 'Adzuna::API::Response::Company', 'display_name': 'University of Staffordshire'}",Adzuna::API::Response::Job,0,Infrastructure Analyst,2026-02-09T08:24:16Z,53.00834,"{'__CLASS__': 'Adzuna::API::Response::Category', 'tag': 'it-jobs', 'label': 'IT Jobs'}","{'__CLASS__': 'Adzuna::API::Response::Location', 'area': ['UK', 'West Midlands', 'Staffordshire', 'Stoke-On-Trent', 'Hanley'], 'display_name': 'Hanley, Stoke-On-Trent'}",-2.175788,,permanent
eyJhbGciOiJIUzI1NiJ9.eyJpIjoiNTYyNDQwODQ3OSIsInMiOiJadFBScklRSDhSR0VpOEJ6Q05zSjhnIn0.McdR0K2S6ehIP6ky1CceWPYdLqooi8XEQtu8h7aW4Dw,"FP&A Analyst Location: Redditch (Hybrid - 3 days office / 2 days home) Salary: £45,000 - £55,000 Type: Permanent The Role We are supporting a well-established, growing organisation in the recruitment of an FP&A Analyst to join a high-performing finance team. This role plays a key part in budgeting, forecasting, commercial business partnering and acquisition analysis, providing meaningful insight to support strategic decision-making. This is an excellent opportunity for a technically strong, com…",https://www.adzuna.co.uk/jobs/land/ad/5624408479?se=ZtPRrIQH8RGEi8BzCNsJ8g&utm_medium=api&utm_source=aa88ce77&v=C8A2357D3E60092CF9CBACF836BD2A9D59065513,5624408479,55000.0,55000.0,"{'display_name': 'Hamilton Woods', '__CLASS__': 'Adzuna::API::Response::Company'}",Adzuna::API::Response::Job,0,FP&A Analyst,2026-02-11T16:41:40Z,52.306599,"{'__CLASS__': 'Adzuna::API::Response::Category', 'tag': 'accounting-finance-jobs', 'label': 'Accounting & Finance Jobs'}","{'area': ['UK', 'West Midlands', 'Worcestershire', 'Redditch'], '__CLASS__': 'Adzuna::API::Response::Location', 'display_name': 'Redditch, Worcestershire'}",-1.94404,,permanent
eyJhbGciOiJIUzI1NiJ9.eyJpIjoiNTYxMzQ4MDgwOCIsInMiOiJadFBScklRSDhSR0VpOEJ6Q05zSjhnIn0.h-BhLm6h2SWD57eAUJO_pOvuKvTg7LUuxevzq4TF7ts,"Accountable Recruitment are delighted to be partnering with a large, complex UK organisation who are seeking to appoint a FP&A Senior Analyst on an 18-month fixed term contract. This is a pivotal role within a high-performing Group Finance function, supporting the capital side of the business and working closely with senior stakeholders across finance, operations and major projects. This opportunity is ideal for a qualified accountant looking for a role with genuine exposure to large-scale capi…",https://www.adzuna.co.uk/jobs/land/ad/5613480808?se=ZtPRrIQH8RGEi8BzCNsJ8g&utm_medium=api&utm_source=aa88ce77&v=C074E27290631F2ABE4D9E01E3102C3D8344BC12,5613480808,70000.0,70000.0,"{'__CLASS__': 'Adzuna::API::Response::Company', 'display_name': 'Accountable Recruitment'}",Adzuna::API::Response::Job,0,FP&A Analyst,2026-02-04T11:28:10Z,53.410801,"{'label': 'Accounting & Finance Jobs', '__CLASS__': 'Adzuna::API::Response::Category', 'tag': 'accounting-finance-jobs'}","{'__CLASS__': 'Adzuna::API::Response::Location', 'area': ['UK', 'North West England', 'Merseyside', 'Liverpool'], 'display_name': 'Liverpool, Merseyside'}",-2.97784,,contract
eyJhbGciOiJIUzI1NiJ9.eyJzIjoiWnRQUnJJUUg4UkdFaThCekNOc0o4ZyIsImkiOiI1NTgyMDAwNTcxIn0.OSvrd5hcmC6id-xIOqutLnjcwf4ue7zur7VhKTCJzOM,"Job Title: Asbestos Analyst Location: Gravesend, Kent Salary/Benefits: £27k - £40k DOE  Training & Benefits Due to winning more contracts this ambitious and busy asbestos company is on the look out for a determined and skilled Asbestos Analyst in the South East with both BOHS P403 and P404. Candidates will need to hit the ground running, carrying out the full range of clearances, re-inspection surveys and providing a consultancy service to clients. The successful candidate will receive competit…",https://www.adzuna.co.uk/jobs/land/ad/5582000571?se=ZtPRrIQH8RGEi8BzCNsJ8g&utm_medium=api&utm_source=aa88ce77&v=C3EB5C01CD42257533E624B7412502ECA0B6D6B1,5582000571,40000.0,40000.0,"{'__CLASS__': 'Adzuna::API::Response::Company', 'display_name': 'Future Select'}",Adzuna::API::Response::Job,0,Asbestos Analyst,2026-01-13T09:35:42Z,,"{'label': 'Scientific & QA Jobs', '__CLASS__': 'Adzuna::API::Response::Category', 'tag': 'scientific-qa-jobs'}","{'area': ['UK', 'Eastern England', 'Essex', 'Basildon'], '__CLASS__': 'Adzuna::API::Response::Location', 'display_name': 'Basildon, Essex'}",,,permanent
eyJhbGciOiJIUzI1NiJ9.eyJzIjoiWnRQUnJJUUg4UkdFaThCekNOc0o4ZyIsImkiOiI1NjIyNTYwMjI5In0.mEFPoR5LPBMFRZlyRqABO3I7Y5sRX94VNooHqHtJy3o,"Job Title: Technical Business Analyst Job Description We are seeking a dynamic Solutions Analyst to bridge the gap between our technology platforms and customer-focused outcomes. This role requires an individual who can advocate for our platforms and collaborate with various business groups to ensure optimal application setups. The position is pivotal in understanding customer pain points and devising effective solutions and roadmaps. Responsibilities Act as an evangelist for company platforms,…",https://www.adzuna.co.uk/jobs/land/ad/5622560229?se=ZtPRrIQH8RGEi8BzCNsJ8g&utm_medium=api&utm_source=aa88ce77&v=3EC4EE2FD48DF3D92BCA97032C9E10AA6CF27BF2,5622560229,68019.66,68019.66,"{'display_name': 'Teksystems', '__CLASS__': 'Adzuna::API::Response::Company'}",Adzuna::API::Response::Job,1,Solutions Analyst,2026-02-10T12:43:35Z,,"{'tag': 'it-jobs', '__CLASS__': 'Adzuna::API::Response::Category', 'label': 'IT Jobs'}","{'display_name': 'Yorkshire And The Humber, UK', 'area': ['UK', 'Yorkshire And The Humber'], '__CLASS__': 'Adzuna::API::Response::Location'}",,,contract
eyJhbGciOiJIUzI1NiJ9.eyJpIjoiNTYwODM0NDUxNiIsInMiOiJadFBScklRSDhSR0VpOEJ6Q05zSjhnIn0.TPwV0Vqjj1t8Q_aQ0sIRP0ku2oav9jQbnhJOCNNibHM,"Asbestos Analyst, Romford To support our ambitious growth plans, we have a great opportunity to join our Asbestos Team. SOCOTEC Asbestos boasts a rich history dating back to 2003. Now part of the global SOCOTEC Group, it stands as one of the UK's largest asbestos consultancies. Integrated within SOCOTEC UK's diverse Testing, Inspection, and Certification business, SOCOTEC Asbestos offers unparalleled expertise. Over the past two decades SOCOTEC Asbestos has achieved remarkable growth, expanding…",https://www.adzuna.co.uk/jobs/land/ad/5608344516?se=ZtPRrIQH8RGEi8BzCNsJ8g&utm_medium=api&utm_source=aa88ce77&v=55A92D1B1DA68F03ACC8B2916903CA38AD8A7614,5608344516,32601.22,32601.22,"{'__CLASS__': 'Adzuna::API::Response::Company', 'display_name': 'SOCOTEC UK Ltd'}",Adzuna::API::Response::Job,1,Asbestos Analyst,2026-02-01T07:09:38Z,51.597773,"{'label': 'Engineering Jobs', 'tag': 'engineering-jobs', '__CLASS__': 'Adzuna::API::Response::Category'}","{'display_name': 'Harold Hill, Romford', 'area': ['UK', 'Eastern England', 'Essex', 'Romford', 'Harold Hill'], '__CLASS__': 'Adzuna::API::Response::Location'}",0.222213,,permanent
eyJhbGciOiJIUzI1NiJ9.eyJpIjoiNTYxNjg2MzYzOCIsInMiOiJadFBScklRSDhSR0VpOEJ6Q05zSjhnIn0.nVU3st2wyYqOqA9fcEl1YYhmq0HwP9XzinINneWiwYY,Senior Finance Analyst | Global SAP S4 HANA Implementation | £500 Daily Rate Outside Scope | Min. of 6 Months Your new company You’ll be joining a global organisation currently undergoing a major SAP S/4 HANA transformation programme to standardise processes and enhance financial management through the implementation of a new ERP system. This programme will impact thousands of employees worldwide and is designed to deliver real-time reporting and improved operational efficiency across the entir…,https://www.adzuna.co.uk/jobs/details/5616863638?utm_medium=api&utm_source=aa88ce77,5616863638,130000.0,130000.0,"{'__CLASS__': 'Adzuna::API::Response::Company', 'display_name': 'HAYS'}",Adzuna::API::Response::Job,0,Interim Senior Finance Analyst (S4 HANA),2026-02-06T04:42:44Z,,"{'__CLASS__': 'Adzuna::API::Response::Category', 'tag': 'accounting-finance-jobs', 'label': 'Accounting & Finance Jobs'}","{'display_name': 'UK', '__CLASS__': 'Adzuna::API::Response::Location', 'area': ['UK']}",,,contract
