created,company,id,__CLASS__,contract_time,title,salary_min,salary_max,redirect_url,salary_is_predicted,location,description,category,adref,longitude,latitude,contract_type
2026-01-29T18:27:41Z,"{'__CLASS__': 'Adzuna::API::Response::Company', 'display_name': 'Simplyhealth'}",5604864696,Adzuna::API::Response::Job,full_time,Junior Quality Engineer,0.0,30000.0,https://www.adzuna.co.uk/jobs/land/ad/5604864696?se=EGkvsIQH8RGev-p5NFEmvQ&utm_medium=api&utm_source=aa88ce77&v=D63208AE38B74E5FCB02F40474FBB02528DAD359,0,"{'area': ['UK'], '__CLASS__': 'Adzuna::API::Response::Location', 'display_name': 'UK'}","We’re not just your average health company; we’re aiming to revolutionise access to healthcare in the UK by offering innovative health and wellbeing solutions that are affordable, accessible, and effective. From preventive care to comprehensive medical support, we aim to empower individuals to take charge of their health, inspiring them to make the most of their wellbeing. Added to that we’re the first health insurer in the UK to be awarded B-Corp status in recognition of our significant achiev…","{'tag': 'it-jobs', '__CLASS__': 'Adzuna::API::Response::Category', 'label': 'IT Jobs'}",eyJhbGciOiJIUzI1NiJ9.eyJpIjoiNTYwNDg2NDY5NiIsInMiOiJFR2t2c0lRSDhSR2V2LXA1TkZFbXZRIn0.kVtIYCwf5MRc4qttbOJZDi4bB6XSDWIh88J3J0GX0Q0,,,
2026-01-01T01:55:15Z,"{'__CLASS__': 'Adzuna::API::Response::Company', 'display_name': ""Butlin's""}",5561803200,Adzuna::API::Response::Job,,Junior Kitchen Manager,27006.98,27006.98,https://www.adzuna.co.uk/jobs/land/ad/5561803200?se=EGkvsIQH8RGev-p5NFEmvQ&utm_medium=api&utm_source=aa88ce77&v=C19CFBC92F5F647E5299D1F0EA137692ED452251,1,"{'display_name': 'Roman Bank, Skegness', '__CLASS__': 'Adzuna::API::Response::Location', 'area': ['UK', 'East Midlands', 'Lincolnshire', 'Skegness', 'Roman Bank']}","Description About the role We’re looking for a Junior Kitchen Manager to join the Butlin's Restaurants Department based in Skegness. Reporting to the Kitchen Manager, you will support the running of the kitchen and support in leading a large team of amazing chefs. As well a stepping up in the Kitchen Managers absence. You will be passionate about exceptional experience and will monitor this regularly to develop action plans in your venue with a focus on continuous improvement. Have great leader…","{'tag': 'hospitality-catering-jobs', '__CLASS__': 'Adzuna::API::Response::Category', 'label': 'Hospitality & Catering Jobs'}",eyJhbGciOiJIUzI1NiJ9.eyJpIjoiNTU2MTgwMzIwMCIsInMiOiJFR2t2c0lRSDhSR2V2LXA1TkZFbXZRIn0.QWX856jnZl6xQdgi7AneRXw8JS5n8P9D5TKOGG4jHZg,0.349911,53.178179,
2026-01-01T01:55:15Z,"{'__CLASS__': 'Adzuna::API::Response::Company', 'display_name': ""Butlin's""}",5561803220,Adzuna::API::Response::Job,,Junior Kitchen Manager,28818.01,28818.01,https://www.adzuna.co.uk/jobs/land/ad/5561803220?se=EGkvsIQH8RGev-p5NFEmvQ&utm_medium=api&utm_source=aa88ce77&v=098EB074607738DE7B598D70E72C41DBB9CFEC87,1,"{'area': ['UK', 'South East England', 'West Sussex', 'Bognor Regis', 'Felpham'], '__CLASS__': 'Adzuna::API::Response::Location', 'display_name': 'Felpham, Bognor Regis'}","Description About The Role We’re looking for a Junior Kitchen Manager to join the Restaurant & Quick Serve department based in Bognor Regis. Reporting to the Senior Kitchen Manager, you will support the running of the kitchen and support in leading a team of up to 10 team per shift. Making our guests smile is at the heart of our values, and you will ensure this happens consistently by ensuring that guests remain the central focus of all operational decisions. This will include resource planning…","{'label': 'Hospitality & Catering Jobs', '__CLASS__': 'Adzuna::API::Response::Category', 'tag': 'hospitality-catering-jobs'}",eyJhbGciOiJIUzI1NiJ9.eyJpIjoiNTU2MTgwMzIyMCIsInMiOiJFR2t2c0lRSDhSR2V2LXA1TkZFbXZRIn0.6S71jbkS8NfI5z135GTSfY-DY_UrJQG_q5asjTKaStQ,-0.660387,50.787116,
2026-01-01T01:55:15Z,"{'display_name': ""Butlin's"", '__CLASS__': 'Adzuna::API::Response::Company'}",5561803217,Adzuna::API::Response::Job,,Junior Kitchen Manager,29093.69,29093.69,https://www.adzuna.co.uk/jobs/land/ad/5561803217?se=EGkvsIQH8RGev-p5NFEmvQ&utm_medium=api&utm_source=aa88ce77&v=DA56D9644105B75BDDC73BA312C40DB72D25D49F,1,"{'display_name': 'Felpham, Bognor Regis', '__CLASS__': 'Adzuna::API::Response::Location', 'area': ['UK', 'South East England', 'West Sussex', 'Bognor Regis', 'Felpham']}","Description About The Role We’re looking for a Junior Kitchen Manager to join the Butlin's Buffet Department based in Bognor Regis. Reporting to the Senior Kitchen Manager, you will support the running of the kitchen and support in leading a team of up to 40. Making our guests smile is at the heart of our values, and you will ensure this happens consistently by ensuring that guests remain the central focus of all operational decisions. This will include resource planning, recruitment and select…","{'tag': 'hospitality-catering-jobs', 'label': 'Hospitality & Catering Jobs', '__CLASS__': 'Adzuna::API::Response::Category'}",eyJhbGciOiJIUzI1NiJ9.eyJpIjoiNTU2MTgwMzIxNyIsInMiOiJFR2t2c0lRSDhSR2V2LXA1TkZFbXZRIn0.P4c6v9GiDyjw4o4Uqo937yImQ3yvYQifuBx810DRhsQ,-0.660387,50.787116,
2026-01-13T23:20:23Z,"{'__CLASS__': 'Adzuna::API::Response::Company', 'display_name': ""Butlin's""}",5583134476,Adzuna::API::Response::Job,,Junior Kitchen Manager (maternity cover),30471.0,30471.0,https://www.adzuna.co.uk/jobs/land/ad/5583134476?se=EGkvsIQH8RGev-p5NFEmvQ&utm_medium=api&utm_source=aa88ce77&v=B221EDFAF6F2735039FBEC95044EC1EA5D197626,0,"{'display_name': 'Felpham, Bognor Regis', 'area': ['UK', 'South East England', 'West Sussex', 'Bognor Regis', 'Felpham'], '__CLASS__': 'Adzuna::API::Response::Location'}","Description About The Role We’re looking for a Junior Kitchen Manager to join the Restaurant & Quick Serve department based in Bognor Regis. This is a fixed term maternity cover role for 12 months. Reporting to the Senior Kitchen Manager, you will support the running of the kitchen and support in leading a team of up to 10 team per shift. Making our guests smile is at the heart of our values, and you will ensure this happens consistently by ensuring that guests remain the central focus of all o…","{'tag': 'hospitality-catering-jobs', '__CLASS__': 'Adzuna::API::Response::Category', 'label': 'Hospitality & Catering Jobs'}",eyJhbGciOiJIUzI1NiJ9.eyJpIjoiNTU4MzEzNDQ3NiIsInMiOiJFR2t2c0lRSDhSR2V2LXA1TkZFbXZRIn0.d00E4wCjdbsiPlh58r8TdniFxjdg_yd88LNh7FSmjG0,-0.660387,50.787116,contract
2026-01-02T16:20:15Z,"{'__CLASS__': 'Adzuna::API::Response::Company', 'display_name': ""Butlin's""}",5564638628,Adzuna::API::Response::Job,,Buffet Restaurant Junior Kitchen Manager,28759.45,28759.45,https://www.adzuna.co.uk/jobs/land/ad/5564638628?se=EGkvsIQH8RGev-p5NFEmvQ&utm_medium=api&utm_source=aa88ce77&v=1FD0861A4CBB75D4881EB111D2177DB25C6BEB31,1,"{'display_name': 'Roman Bank, Skegness', '__CLASS__': 'Adzuna::API::Response::Location', 'area': ['UK', 'East Midlands', 'Lincolnshire', 'Skegness', 'Roman Bank']}","Description About the role We’re looking for a Junior Kitchen Manager to join the Butlin's Buffets Department based in Skegness. Reporting to the Kitchen Manager, you will support the running of the kitchen and support in leading a large team of amazing chefs. As well a stepping up in the Kitchen Managers absence. You will be passionate about exceptional experience and will monitor this regularly to develop action plans in your venue with a focus on continuous improvement. Have great leadership…","{'tag': 'hospitality-catering-jobs', '__CLASS__': 'Adzuna::API::Response::Category', 'label': 'Hospitality & Catering Jobs'}",eyJhbGciOiJIUzI1NiJ9.eyJpIjoiNTU2NDYzODYyOCIsInMiOiJFR2t2c0lRSDhSR2V2LXA1TkZFbXZRIn0.QXF0oP1dJu3QmNxyYC1OQ1cpsclSAsn0Q8S-x2K5TSM,0.349911,53.178179,
2025-12-19T23:37:10Z,"{'__CLASS__': 'Adzuna::API::Response::Company', 'display_name': 'HAYS'}",5549283453,Adzuna::API::Response::Job,,Junior Legal Cashier,31041.89,31041.89,https://www.adzuna.co.uk/jobs/details/5549283453?utm_medium=api&utm_source=aa88ce77,1,"{'display_name': 'London, UK', 'area': ['UK', 'London'], '__CLASS__': 'Adzuna::API::Response::Location'}","Junior Legal Cashier – Leading London Law Firm | Hybrid | London | Great Progression Your new company I’m working with a prestigious law firm based in London that is looking to hire a junior Legal Cashier to join their dynamic and busy cashiering team. The successful candidate will be reporting directly to the Head Cashier. You’ll play a key role in supporting the day-to-day management of both client and office accounts. This is a fantastic opportunity to join a growing, ambitious firm where yo…","{'tag': 'accounting-finance-jobs', 'label': 'Accounting & Finance Jobs', '__CLASS__': 'Adzuna::API::Response::Category'}",eyJhbGciOiJIUzI1NiJ9.eyJpIjoiNTU0OTI4MzQ1MyIsInMiOiJFR2t2c0lRSDhSR2V2LXA1TkZFbXZRIn0.WzKRgc5tLKJmugHGZOY_LbvD4vEanW2-jUBtDrN2vw0,,,
2026-01-31T17:54:39Z,"{'__CLASS__': 'Adzuna::API::Response::Company', 'display_name': 'Hays'}",5607507195,Adzuna::API::Response::Job,,Junior Quantity Surveyor,52034.24,52034.24,https://www.adzuna.co.uk/jobs/details/5607507195?utm_medium=api&utm_source=aa88ce77,1,"{'display_name': 'Belfast, Northern Ireland', '__CLASS__': 'Adzuna::API::Response::Location', 'area': ['UK', 'Northern Ireland', 'Belfast']}"," Junior Quantity Surveyor – Multidisciplinary Consultancy – Belfast  Your new company HAYS Property & Surveying NI are proudly working in collaboration with a highly respected, established multidisciplinary consultancy in their search for a Junior Quanitity Surveyor to join their Belfast team. This organisation plays a pivotal role in delivering complex building and infrastructure projects across Northern Ireland and beyond, with expertise spanning across most, if not all, the built environment…","{'label': 'Trade & Construction Jobs', '__CLASS__': 'Adzuna::API::Response::Category', 'tag': 'trade-construction-jobs'}",eyJhbGciOiJIUzI1NiJ9.eyJpIjoiNTYwNzUwNzE5NSIsInMiOiJFR2t2c0lRSDhSR2V2LXA1TkZFbXZRIn0.H7Ky1mO1zrcSmAWP0-FB8kr0msBYiQmeZ2ucVvl9bgY,,,
2026-01-02T00:50:06Z,"{'__CLASS__': 'Adzuna::API::Response::Company', 'display_name': ""Butlin's""}",5563985500,Adzuna::API::Response::Job,,Junior Kitchen Manager,26965.32,26965.32,https://www.adzuna.co.uk/jobs/land/ad/5563985500?se=EGkvsIQH8RGev-p5NFEmvQ&utm_medium=api&utm_source=aa88ce77&v=AA558BFE85A848689EFAE023464003753F96FA28,1,"{'__CLASS__': 'Adzuna::API::Response::Location', 'area': ['UK', 'East Midlands', 'Lincolnshire', 'Skegness', 'Roman Bank'], 'display_name': 'Roman Bank, Skegness'}","Job Description Description \n About the role We’re looking for a Junior Kitchen Manager to join the Butlin's Restaurants Department based in Skegness. Reporting to the Kitchen Manager, you will support the running of the kitchen and support in leading a large team of amazing chefs. As well a stepping up in the Kitchen Managers absence. You will be passionate about exceptional experience and will monitor this regularly to develop action plans in your venue with a focus on continuous improvement…","{'__CLASS__': 'Adzuna::API::Response::Category', 'label': 'Hospitality & Catering Jobs', 'tag': 'hospitality-catering-jobs'}",eyJhbGciOiJIUzI1NiJ9.eyJzIjoiRUdrdnNJUUg4Ukdldi1wNU5GRW12USIsImkiOiI1NTYzOTg1NTAwIn0.I4RtxFuYIdDiv4ZX9zAhoFofs-x4EAzULqObWbBrLKE,0.349911,53.178179,
2026-01-08T17:35:15Z,"{'display_name': 'Forvis Mazars', '__CLASS__': 'Adzuna::API::Response::Company'}",5574025561,Adzuna::API::Response::Job,full_time,Prudential Regulation & Risk Management - Junior Consultant,78178.23,78178.23,https://www.adzuna.co.uk/jobs/land/ad/5574025561?se=EGkvsIQH8RGev-p5NFEmvQ&utm_medium=api&utm_source=aa88ce77&v=7E381C89CF9793260A3DED4672E9EF094D535618,1,"{'area': ['UK', 'London'], '__CLASS__': 'Adzuna::API::Response::Location', 'display_name': 'London, UK'}","Forvis Mazars is a leading global professional services network providing audit & assurance, tax, and advisory services. Forvis Mazars in the UK spans 14 offices across the nation and has over 3,400 professionals, with 190 partners. We have a clear purpose and a shared commitment to shape a better future. You'll join a collaborative and inclusive team where you're supported to grow your skills, explore new opportunities, and contribute from day one. You'll work with a diverse client base, devel…","{'label': 'Accounting & Finance Jobs', '__CLASS__': 'Adzuna::API::Response::Category', 'tag': 'accounting-finance-jobs'}",eyJhbGciOiJIUzI1NiJ9.eyJzIjoiRUdrdnNJUUg4Ukdldi1wNU5GRW12USIsImkiOiI1NTc0MDI1NTYxIn0.i3BkKEuG-Dhg8UaU-oXGOFf54JW4IZ-PylMWLOcS80Y,-0.139134,51.503378,
2026-01-31T17:54:39Z,"{'display_name': 'Hays', '__CLASS__': 'Adzuna::API::Response::Company'}",5607507194,Adzuna::API::Response::Job,,Junior Construction Project Manager,49176.08,49176.08,https://www.adzuna.co.uk/jobs/details/5607507194?utm_medium=api&utm_source=aa88ce77,1,"{'display_name': 'Belfast, Northern Ireland', 'area': ['UK', 'Northern Ireland', 'Belfast'], '__CLASS__': 'Adzuna::API::Response::Location'}"," Junior Construction project manager – Multidisciplinary Consultancy – Belfast  Your new company HAYS Property & Surveying NI are proudly working in collaboration with a highly respected, established multidisciplinary consultancy in their search for Junior Project Managers to join their Belfast team. This organisation plays a pivotal role in delivering complex building and infrastructure projects across Northern Ireland and beyond, with expertise spanning across most, if not all, the built envi…","{'tag': 'trade-construction-jobs', 'label': 'Trade & Construction Jobs', '__CLASS__': 'Adzuna::API::Response::Category'}",eyJhbGciOiJIUzI1NiJ9.eyJzIjoiRUdrdnNJUUg4Ukdldi1wNU5GRW12USIsImkiOiI1NjA3NTA3MTk0In0.38XWcLJptgDIYBftYPNym5aLFEeFJbbUsh7HiPu4q8g,,,
2026-02-04T20:13:22Z,"{'display_name': 'Warner Bros. Discovery', '__CLASS__': 'Adzuna::API::Response::Company'}",5614449870,Adzuna::API::Response::Job,full_time,Junior Buyer,29394.16,29394.16,https://www.adzuna.co.uk/jobs/land/ad/5614449870?se=EGkvsIQH8RGev-p5NFEmvQ&utm_medium=api&utm_source=aa88ce77&v=D54BCF83C05566CE7563CD1ED61E9CA1E8BF72DC,1,"{'__CLASS__': 'Adzuna::API::Response::Location', 'area': ['UK', 'Eastern England', 'Hertfordshire', 'Watford', 'Leavesden'], 'display_name': 'Leavesden, Watford'}","Welcome to Warner Bros. Discovery… the stuff dreams are made of. Who We Are… When we say, “the stuff dreams are made of,” we’re not just referring to the world of wizards, dragons and superheroes, or even to the wonders of Planet Earth. Behind WBD’s vast portfolio of iconic content and beloved brands, are the storytellers bringing our characters to life, the creators bringing them to your living rooms and the dreamers creating what’s next… From brilliant creatives, to technology trailblazers, a…","{'tag': 'retail-jobs', '__CLASS__': 'Adzuna::API::Response::Category', 'label': 'Retail Jobs'}",eyJhbGciOiJIUzI1NiJ9.eyJzIjoiRUdrdnNJUUg4Ukdldi1wNU5GRW12USIsImkiOiI1NjE0NDQ5ODcwIn0.l02kPPCAUJQKZkE9sSYbTXjnM4hTTx7VsuLbQ7jCWl4,-0.40331,51.69896,
2026-01-18T05:10:08Z,"{'__CLASS__': 'Adzuna::API::Response::Company', 'display_name': 'Hays'}",5590136845,Adzuna::API::Response::Job,,Junior Administrator,20718.57,20718.57,https://www.adzuna.co.uk/jobs/land/ad/5590136845?se=EGkvsIQH8RGev-p5NFEmvQ&utm_medium=api&utm_source=aa88ce77&v=12114EE407E4861A65FBF783B1B366D5DCA659F8,1,"{'display_name': 'Belfast, Northern Ireland', '__CLASS__': 'Adzuna::API::Response::Location', 'area': ['UK', 'Northern Ireland', 'Belfast']}","Job Description Junior Administrator, Belfast, £25,500-£26,000, Permanent Your new company A private sector organisation is recruiting for a junior administrator based in Belfast. Your new role As the Junior Administrator / Service Advisor, you will act as a key point of contact between customers and the workshop team. Your role will be varied, fast‑paced, and customer‑focused. Day‑to‑day, you will: Provide a positive and professional first impression to all customers. Handle incoming enquiries…","{'tag': 'admin-jobs', '__CLASS__': 'Adzuna::API::Response::Category', 'label': 'Admin Jobs'}",eyJhbGciOiJIUzI1NiJ9.eyJpIjoiNTU5MDEzNjg0NSIsInMiOiJFR2t2c0lRSDhSR2V2LXA1TkZFbXZRIn0.01NxVA3IoCSfFYCh7z9XYHo04Tfz1x2l9oCDReXfjeo,,,permanent
2026-02-07T06:51:08Z,"{'__CLASS__': 'Adzuna::API::Response::Company', 'display_name': 'Hays'}",5618746052,Adzuna::API::Response::Job,,Junior Electrical Project Manager (with CAD/Revit),30000.0,40000.0,https://www.adzuna.co.uk/jobs/details/5618746052?utm_medium=api&utm_source=aa88ce77,0,"{'area': ['UK', 'East Midlands', 'Northamptonshire', 'Kettering'], '__CLASS__': 'Adzuna::API::Response::Location', 'display_name': 'Kettering, Northamptonshire'}","Junior Electrical Project Manager (with CAD/Revit Skills) – Kettering Your new company We are recruiting on behalf of a long‑established electrical contractor with over six decades of industry experience. They deliver high‑quality electrical installations, testing, inspection, maintenance, and renewable‑energy solutions across the UK. Their projects span commercial, industrial, domestic, education, healthcare, retail, and heritage environments, and they are accredited under leading UK industry …","{'__CLASS__': 'Adzuna::API::Response::Category', 'label': 'Trade & Construction Jobs', 'tag': 'trade-construction-jobs'}",eyJhbGciOiJIUzI1NiJ9.eyJpIjoiNTYxODc0NjA1MiIsInMiOiJFR2t2c0lRSDhSR2V2LXA1TkZFbXZRIn0.hQcxpHKWLxP9xHl7zTHdyg4WMR5n8Yxoi7Zre-SBA5U,-0.727857,52.395901,
2026-01-14T02:46:23Z,"{'display_name': ""Butlin's"", '__CLASS__': 'Adzuna::API::Response::Company'}",5583406309,Adzuna::API::Response::Job,,Buffet Restaurant Junior Kitchen Manager,28718.42,28718.42,https://www.adzuna.co.uk/jobs/land/ad/5583406309?se=EGkvsIQH8RGev-p5NFEmvQ&utm_medium=api&utm_source=aa88ce77&v=81CE890C939F279A05F2A95B5D32815CDA9E5EA5,1,"{'display_name': 'Roman Bank, Skegness', '__CLASS__': 'Adzuna::API::Response::Location', 'area': ['UK', 'East Midlands', 'Lincolnshire', 'Skegness', 'Roman Bank']}","Job Description Description \n About the role We’re looking for a Junior Kitchen Manager to join the Butlin's Buffets Department based in Skegness. Reporting to the Kitchen Manager, you will support the running of the kitchen and support in leading a large team of amazing chefs. As well a stepping up in the Kitchen Managers absence. You will be passionate about exceptional experience and will monitor this regularly to develop action plans in your venue with a focus on continuous improvement. Ha…","{'__CLASS__': 'Adzuna::API::Response::Category', 'label': 'Hospitality & Catering Jobs', 'tag': 'hospitality-catering-jobs'}",eyJhbGciOiJIUzI1NiJ9.eyJpIjoiNTU4MzQwNjMwOSIsInMiOiJFR2t2c0lRSDhSR2V2LXA1TkZFbXZRIn0.I5Amh42J_kQHT11EbNywXgudxaePuGUKAIEsnIEYgt0,0.349911,53.178179,
2026-01-17T04:19:19Z,"{'display_name': 'MCS Group', '__CLASS__': 'Adzuna::API::Response::Company'}",5588829081,Adzuna::API::Response::Job,,Junior Estimator,40000.0,40000.0,https://www.adzuna.co.uk/jobs/land/ad/5588829081?se=EGkvsIQH8RGev-p5NFEmvQ&utm_medium=api&utm_source=aa88ce77&v=2ABFEF6CEB2646F21F77382C00664146602DB682,0,"{'display_name': 'Antrim, County Antrim', '__CLASS__': 'Adzuna::API::Response::Location', 'area': ['UK', 'Northern Ireland', 'County Antrim', 'Antrim']}","MCS Group are delighted to be working with a leading building construction company on an excellent opportunity for a Junior Estimator to join their growing estimating team. This role offers hands-on involvement in the tendering process, supporting cost assessments from first principles through to final submission, while developing strong technical and commercial skills within a supportive environment. The Role We are partnering with a leading building construction company who are seeking a Juni…","{'tag': 'trade-construction-jobs', '__CLASS__': 'Adzuna::API::Response::Category', 'label': 'Trade & Construction Jobs'}",eyJhbGciOiJIUzI1NiJ9.eyJzIjoiRUdrdnNJUUg4Ukdldi1wNU5GRW12USIsImkiOiI1NTg4ODI5MDgxIn0.HRuQtvQXGTFsZfwP9PoQYW2LUoP6UZ-AhOIUSMDhoks,-6.21676,54.713402,
2026-01-31T03:46:31Z,"{'__CLASS__': 'Adzuna::API::Response::Company', 'display_name': 'Reactive Recruitment NI'}",5607090735,Adzuna::API::Response::Job,full_time,Junior Estimator,40000.0,40000.0,https://www.adzuna.co.uk/jobs/land/ad/5607090735?se=EGkvsIQH8RGev-p5NFEmvQ&utm_medium=api&utm_source=aa88ce77&v=3B96AB5D74F6AC6C514FBF5E08B288791644371A,0,"{'__CLASS__': 'Adzuna::API::Response::Location', 'area': ['UK', 'Northern Ireland', 'Belfast'], 'display_name': 'Belfast, Northern Ireland'}","Job Title: Estimator Salary: £3545k (depending on experience) Location: Belfast Employment Type: Full-time Industry: Office Interiors / Commercial Fit-Outs Three Reasons to Apply: Work on exciting office interiors and shop fit-out projects across Ireland and occasionally the UK. Join a supportive and collaborative contracts team where your input directly impacts project success. Opportunities for career growth and development within a well-established, dynamic company. The Job in a Nutshell: Yo…","{'__CLASS__': 'Adzuna::API::Response::Category', 'label': 'Trade & Construction Jobs', 'tag': 'trade-construction-jobs'}",eyJhbGciOiJIUzI1NiJ9.eyJpIjoiNTYwNzA5MDczNSIsInMiOiJFR2t2c0lRSDhSR2V2LXA1TkZFbXZRIn0.RVs42rZ7-AeENe4FnOh84GvQmRYsqvncxbifJT2b3iE,,,
2026-02-03T16:08:41Z,"{'display_name': 'ITOL Recruit', '__CLASS__': 'Adzuna::API::Response::Company'}",5611860200,Adzuna::API::Response::Job,full_time,Trainee Junior Project Manager,27000.0,38000.0,https://www.adzuna.co.uk/jobs/land/ad/5611860200?se=EGkvsIQH8RGev-p5NFEmvQ&utm_medium=api&utm_source=aa88ce77&v=5319C1552FC2C81853ED9538B71AE47C3DA728AC,0,"{'display_name': 'UK', '__CLASS__': 'Adzuna::API::Response::Location', 'area': ['UK']}","Are you looking to benefit from a new career in Project Management? If you are organised, competent, dependable and can communicate well and motivate those around you; you could have a truly rewarding future as a Project Manager. We do this using our specialised programme looking at placing candidates into gateway project management positions to build the foundation of a project management career. Please note this career program is designed for entry level individuals with limited or no experie…","{'tag': 'teaching-jobs', 'label': 'Teaching Jobs', '__CLASS__': 'Adzuna::API::Response::Category'}",eyJhbGciOiJIUzI1NiJ9.eyJzIjoiRUdrdnNJUUg4Ukdldi1wNU5GRW12USIsImkiOiI1NjExODYwMjAwIn0.ZcqsYuaEVe6uxfqmA0NLmIhFlGB-RzPwPui13KAM73I,,,permanent
2026-01-21T15:09:24Z,"{'display_name': 'Ginger Recruitment Services Limited', '__CLASS__': 'Adzuna::API::Response::Company'}",5593985111,Adzuna::API::Response::Job,,Junior Sous,30000.0,30000.0,https://www.adzuna.co.uk/jobs/land/ad/5593985111?se=EGkvsIQH8RGev-p5NFEmvQ&utm_medium=api&utm_source=aa88ce77&v=7A8CA4327A903EC7ED0C45DC5B185341AE2E52A4,0,"{'display_name': 'Preston, Lancashire', '__CLASS__': 'Adzuna::API::Response::Location', 'area': ['UK', 'North West England', 'Lancashire', 'Preston']}","Junior Sous Chef £32,000  Benefits Goosnargh Benefits: Clear progression and development opportunities within a structured kitchen Supportive senior management with a strong food focus Well-organised kitchen with clear systems and standards Opportunity to work with quality fresh ingredients Stable rota and professional working environment This Junior Sous Chef role is an excellent opportunity to join a f","{'tag': 'hospitality-catering-jobs', 'label': 'Hospitality & Catering Jobs', '__CLASS__': 'Adzuna::API::Response::Category'}",eyJhbGciOiJIUzI1NiJ9.eyJpIjoiNTU5Mzk4NTExMSIsInMiOiJFR2t2c0lRSDhSR2V2LXA1TkZFbXZRIn0.prJYspMGxYr9fPVyZEPThy5DqHtEJnCG_cYDzmzTz5g,-2.70344,53.757702,
2026-01-02T00:50:07Z,"{'display_name': ""Butlin's"", '__CLASS__': 'Adzuna::API::Response::Company'}",5563985532,Adzuna::API::Response::Job,,Junior Kitchen Manager,28886.42,28886.42,https://www.adzuna.co.uk/jobs/land/ad/5563985532?se=EGkvsIQH8RGev-p5NFEmvQ&utm_medium=api&utm_source=aa88ce77&v=050F5E98E2B410D2B60CC1971369CD283D71277B,1,"{'area': ['UK', 'South East England', 'West Sussex', 'Bognor Regis', 'Felpham'], '__CLASS__': 'Adzuna::API::Response::Location', 'display_name': 'Felpham, Bognor Regis'}","Job Description Description \n About The Role We’re looking for a Junior Kitchen Manager to join the Restaurant & Quick Serve department based in Bognor Regis. Reporting to the Senior Kitchen Manager, you will support the running of the kitchen and support in leading a team of up to 10 team per shift. Making our guests smile is at the heart of our values, and you will ensure this happens consistently by ensuring that guests remain the central focus of all operational decisions. This will includ…","{'label': 'Hospitality & Catering Jobs', '__CLASS__': 'Adzuna::API::Response::Category', 'tag': 'hospitality-catering-jobs'}",eyJhbGciOiJIUzI1NiJ9.eyJzIjoiRUdrdnNJUUg4Ukdldi1wNU5GRW12USIsImkiOiI1NTYzOTg1NTMyIn0.ckqyPVFqYmeV1EwJROOcakdxwBMR6FXORtmhAKJ4Tt4,-0.660387,50.787116,
2026-02-11T17:03:04Z,"{'__CLASS__': 'Adzuna::API::Response::Company', 'display_name': 'Butlins'}",5624446035,Adzuna::API::Response::Job,,Junior Kitchen Manager,29405.88,29405.88,https://www.adzuna.co.uk/jobs/land/ad/5624446035?se=EGkvsIQH8RGev-p5NFEmvQ&utm_medium=api&utm_source=aa88ce77&v=C8D4362157C12F841757CE66331C3ABD20F6EE7A,1,"{'area': ['UK', 'South East England', 'West Sussex', 'Bognor Regis', 'Felpham'], '__CLASS__': 'Adzuna::API::Response::Location', 'display_name': 'Felpham, Bognor Regis'}","Description About The Role Were looking for a Junior Kitchen Manager to join the Butlin's Buffet Department based in Bognor Regis. Reporting to the Senior Kitchen Manager, you will support the running of the kitchen and support in leading a team of up to 40. Making our guests smile is at the heart of our values, and you will ensure this happens consistently by ensuring that guests remain the central focus of all operational decisions. This will include resource planning, recruitment and selecti…","{'tag': 'hospitality-catering-jobs', 'label': 'Hospitality & Catering Jobs', '__CLASS__': 'Adzuna::API::Response::Category'}",eyJhbGciOiJIUzI1NiJ9.eyJzIjoiRUdrdnNJUUg4Ukdldi1wNU5GRW12USIsImkiOiI1NjI0NDQ2MDM1In0.AmghDpA77bxOZgX2_GA8Hgt74S4t77LjZ4xQYogwQBU,-0.660387,50.787116,
2026-01-24T07:26:15Z,"{'display_name': 'The Butchers Recruiter', '__CLASS__': 'Adzuna::API::Response::Company'}",5598598982,Adzuna::API::Response::Job,,Junior Butcher,27040.0,27040.0,https://www.adzuna.co.uk/jobs/land/ad/5598598982?se=EGkvsIQH8RGev-p5NFEmvQ&utm_medium=api&utm_source=aa88ce77&v=755961213E2E22E873AC93023A99E77B75B1A54E,0,"{'display_name': 'Preston, Brighton', 'area': ['UK', 'South East England', 'East Sussex', 'Brighton', 'Preston'], '__CLASS__': 'Adzuna::API::Response::Location'}","A busy, traditional Brighton Butcher serving a diverse retail and commercial customer base in a growing business is looking for a Junior Butcher to join the team. The business is stable, growing, and customer focused and this is a hands-on, customer-facing role in a busy retail environment, with training and development provided. You will be working 55 hours per week (06:00-17:00), Monday-Saturday, with Sunday & one weekday off. As Junior Butcher, your responsibilities will include: Daily prepa…","{'tag': 'retail-jobs', 'label': 'Retail Jobs', '__CLASS__': 'Adzuna::API::Response::Category'}",eyJhbGciOiJIUzI1NiJ9.eyJpIjoiNTU5ODU5ODk4MiIsInMiOiJFR2t2c0lRSDhSR2V2LXA1TkZFbXZRIn0.yVbw8_IpfTuWijAzy8XHkiKWwPvcXCDuIhFqvh0ZNSU,-0.138208,50.821984,permanent
2026-01-29T17:55:28Z,"{'display_name': 'ASC Connections Ltd', '__CLASS__': 'Adzuna::API::Response::Company'}",5604846464,Adzuna::API::Response::Job,full_time,Junior Estimator,26000.0,30000.0,https://www.adzuna.co.uk/jobs/land/ad/5604846464?se=EGkvsIQH8RGev-p5NFEmvQ&utm_medium=api&utm_source=aa88ce77&v=2D0FC1DB972D98FCE79AC70A11F5A50F70363549,0,"{'area': ['UK', 'West Midlands', 'Willenhall'], '__CLASS__': 'Adzuna::API::Response::Location', 'display_name': 'Willenhall, West Midlands'}","Looking to take the next step in your career within civil engineering or construction? We're working with a growing design, manufacture, and installation business in the highways and infrastructure sector, who are looking to recruit a Junior Estimator to join their commercial team. This role is ideal for someone with an engineering or construction background who wants to build a career in estimating, supported by experienced professionals and exposed to live infrastructure projects. Your Role a…","{'tag': 'engineering-jobs', '__CLASS__': 'Adzuna::API::Response::Category', 'label': 'Engineering Jobs'}",eyJhbGciOiJIUzI1NiJ9.eyJzIjoiRUdrdnNJUUg4Ukdldi1wNU5GRW12USIsImkiOiI1NjA0ODQ2NDY0In0.dXxpLFgkbfmRHqe2JH0Bd_5ISq-oHPeF8hfI_mYYMIU,-2.05431,52.583199,permanent
2026-02-04T22:38:24Z,"{'display_name': 'ARC  Limited', '__CLASS__': 'Adzuna::API::Response::Company'}",5614736544,Adzuna::API::Response::Job,full_time,Junior Buyer,40000.0,40000.0,https://www.adzuna.co.uk/jobs/land/ad/5614736544?se=EGkvsIQH8RGev-p5NFEmvQ&utm_medium=api&utm_source=aa88ce77&v=39EE456C9F076438A5220490D010342F294D01AB,0,"{'__CLASS__': 'Adzuna::API::Response::Location', 'area': ['UK', 'Eastern England', 'Essex', 'Colchester'], 'display_name': 'Colchester, Essex'}","Job Title: Junior Buyer Location: Colchester Salary: Circa £35,000 per year Job Type: Full-time Overview We are seeking a Junior Buyer to join a growing team in the mechanical and electrical sector. This is an exciting opportunity for someone with a background in M&E wholesaling or mechanical contracting—or a strong interest in learning about mechanical products—to develop their career in a dynamic, fast-paced environment. Key Responsibilities Assist in procurement: support the buying team in s…","{'tag': 'admin-jobs', '__CLASS__': 'Adzuna::API::Response::Category', 'label': 'Admin Jobs'}",eyJhbGciOiJIUzI1NiJ9.eyJpIjoiNTYxNDczNjU0NCIsInMiOiJFR2t2c0lRSDhSR2V2LXA1TkZFbXZRIn0.eiirNDgKqQ6fEzWZUJYuiiY1MkC2XmnkBWG5ftjt_cU,,,permanent
2026-01-08T10:16:40Z,"{'display_name': '7formation Ltd', '__CLASS__': 'Adzuna::API::Response::Company'}",5573645719,Adzuna::API::Response::Job,,Junior Estimator,45000.0,45000.0,https://www.adzuna.co.uk/jobs/land/ad/5573645719?se=EGkvsIQH8RGev-p5NFEmvQ&utm_medium=api&utm_source=aa88ce77&v=C470D4BB8D508106244FBDEEA1B6B2883260F6D0,0,"{'display_name': 'Rockingham, Market Harborough', '__CLASS__': 'Adzuna::API::Response::Location', 'area': ['UK', 'East Midlands', 'Leicestershire', 'Market Harborough', 'Rockingham']}","We have an exciting opportunity for a Junior Estimator to join our team! This is an excellent opportunity for someone looking to develop their estimating career in a fast-paced environment, with direct support from experienced professionals and clear progression pathways. 7formation is a rapidly expanding nationwide construction and fit out company dedicated to excellence, innovation, and growth. We work with well-known clients such as Next, Adidas, DFS and Travis Perkins , to name just a few. …","{'label': 'Trade & Construction Jobs', '__CLASS__': 'Adzuna::API::Response::Category', 'tag': 'trade-construction-jobs'}",eyJhbGciOiJIUzI1NiJ9.eyJzIjoiRUdrdnNJUUg4Ukdldi1wNU5GRW12USIsImkiOiI1NTczNjQ1NzE5In0.e72x_KC-m-a3_-2Q9imXsUK32wapIpNAWVbCyqrPM0I,-0.701151,52.511774,permanent
2026-02-09T20:49:35Z,"{'__CLASS__': 'Adzuna::API::Response::Company', 'display_name': 'Reed'}",5621772957,Adzuna::API::Response::Job,full_time,Junior Clerk,27000.0,30000.0,https://www.adzuna.co.uk/jobs/land/ad/5621772957?se=EGkvsIQH8RGev-p5NFEmvQ&utm_medium=api&utm_source=aa88ce77&v=338C5788D749C0BBD73382BA73D9258B6F199A6E,0,"{'__CLASS__': 'Adzuna::API::Response::Location', 'area': ['UK', 'South West England', 'Bristol'], 'display_name': 'Bristol, South West England'}","Reed is delighted to be recruiting for a Junior Personal Injury / Clinical Negligence Clerk to join a respected and well-established set of legal chambers in Bristol city centre. This is an excellent opportunity for someone seeking a professional administrative career within the legal sector. As a Junior Clerk, you will play a key role in supporting the Practice Managers and Barristers with administrative, diary and case-management duties. You will be part of a small, friendly team of four, ste…","{'tag': 'legal-jobs', 'label': 'Legal Jobs', '__CLASS__': 'Adzuna::API::Response::Category'}",eyJhbGciOiJIUzI1NiJ9.eyJzIjoiRUdrdnNJUUg4Ukdldi1wNU5GRW12USIsImkiOiI1NjIxNzcyOTU3In0.03D-92beXnReHfODrzlNM_dbYZqGzK0WUfqzmM6KkJ8,,,permanent
2026-01-16T22:42:26Z,"{'__CLASS__': 'Adzuna::API::Response::Company', 'display_name': 'ThriveSW Limited'}",5588577388,Adzuna::API::Response::Job,,Junior Estimator,42327.75,42327.75,https://www.adzuna.co.uk/jobs/land/ad/5588577388?se=EGkvsIQH8RGev-p5NFEmvQ&utm_medium=api&utm_source=aa88ce77&v=3EA793D052556EC62EAD9573D1AAD68365473413,1,"{'area': ['UK', 'Yorkshire And The Humber', 'West Yorkshire', 'Normanton'], '__CLASS__': 'Adzuna::API::Response::Location', 'display_name': 'Normanton, West Yorkshire'}","Junior Estimator Bristol based £40-50k plus CA 3 days office 2 days WFM 25 days holiday Pension Are you a Estimator or Junior Estimator working in the Facilities Management or Engineering Maintenance Sector and looking for development into an Estimator role, This is a new exciting role working for a large national service provider to the commercial maintenance industry. This role is working out of the Bristol office with 3 days per week office based and 2 days WFH, you will work on predominatel…","{'tag': 'trade-construction-jobs', 'label': 'Trade & Construction Jobs', '__CLASS__': 'Adzuna::API::Response::Category'}",eyJhbGciOiJIUzI1NiJ9.eyJzIjoiRUdrdnNJUUg4Ukdldi1wNU5GRW12USIsImkiOiI1NTg4NTc3Mzg4In0.mCAJ9_6GswyIrBGfLZe71MSB7pPV_QnGA-eG05nW1Dc,,,permanent
2026-02-06T03:17:12Z,"{'display_name': 'Hayward Hawk', '__CLASS__': 'Adzuna::API::Response::Company'}",5616752663,Adzuna::API::Response::Job,,Junior SRE,45000.0,45000.0,https://www.adzuna.co.uk/jobs/land/ad/5616752663?se=EGkvsIQH8RGev-p5NFEmvQ&utm_medium=api&utm_source=aa88ce77&v=B33AEA9A8DF05D904A1A55B717D3CAB6DCC5CA8C,0,"{'display_name': 'Northern Ireland, UK', 'area': ['UK', 'Northern Ireland'], '__CLASS__': 'Adzuna::API::Response::Location'}","I'm currently working with a growing technology team that's looking to bring on a Junior Site Reliability Engineer. This is to support and scale their cloud-native platforms. This is a great opportunity for someone early in their SRE/DevOps journey who wants hands-on exposure to modern infrastructure and reliability practices in a supportive environment. The Role Youll be joining a collaborative engineering team, working closely with developers and platform engineers to improve system reliabili…","{'__CLASS__': 'Adzuna::API::Response::Category', 'label': 'IT Jobs', 'tag': 'it-jobs'}",eyJhbGciOiJIUzI1NiJ9.eyJzIjoiRUdrdnNJUUg4Ukdldi1wNU5GRW12USIsImkiOiI1NjE2NzUyNjYzIn0.c79q2sh46sV8mETtR5NTI9WYdAr7_XeAIiRxUnj89iE,-7.388242,54.388189,
2026-01-22T17:54:41Z,"{'__CLASS__': 'Adzuna::API::Response::Company', 'display_name': 'P Ducker Systems Ltd'}",5595602976,Adzuna::API::Response::Job,full_time,Junior Engineer,25225.0,28450.0,https://www.adzuna.co.uk/jobs/land/ad/5595602976?se=EGkvsIQH8RGev-p5NFEmvQ&utm_medium=api&utm_source=aa88ce77&v=208CFFD274DB1A6C14627B93219594491582E66A,0,"{'display_name': 'Derby, Derbyshire', 'area': ['UK', 'East Midlands', 'Derbyshire', 'Derby'], '__CLASS__': 'Adzuna::API::Response::Location'}","Wanted: Junior Engineer Salary – £25,225 – £28,450 (DOE) plus overtime and premium rate hours – (forecast earnings £31,600) and benefits Do you want to be part of a long-standing team, who are experts in their field, where no two days are the same and where possibilities to develop new skills and experiences are around every corner? PDS is passionate about creating a friendly, open and inclusive working environment where individuals are supported to excel in their area of expertise. We are cont…","{'tag': 'engineering-jobs', '__CLASS__': 'Adzuna::API::Response::Category', 'label': 'Engineering Jobs'}",eyJhbGciOiJIUzI1NiJ9.eyJpIjoiNTU5NTYwMjk3NiIsInMiOiJFR2t2c0lRSDhSR2V2LXA1TkZFbXZRIn0.uBZ3X1vj1QD7XTwquXCcXhAzl5OOFm9tKCMx8hHNfRA,-1.47564,52.921902,permanent
2026-01-28T20:59:53Z,"{'__CLASS__': 'Adzuna::API::Response::Company', 'display_name': 'MorePeople'}",5604003980,Adzuna::API::Response::Job,,Junior Grower,38902.3,38902.3,https://www.adzuna.co.uk/jobs/land/ad/5604003980?se=EGkvsIQH8RGev-p5NFEmvQ&utm_medium=api&utm_source=aa88ce77&v=941398E6316D9D3785BFDAF9BCA507D1EEEAB249,1,"{'display_name': 'South East London, London', '__CLASS__': 'Adzuna::API::Response::Location', 'area': ['UK', 'London', 'South East London']}","Grower Horticulture Hampshire Looking for a business that'll invest in you? Want a hands-on growing role where you can learn, develop, and make a real impact on crop quality? This is a great opportunity to join a horticultural business with a strong focus on sustainability and people development. What's in it for you? 32 days' holiday (including bank holidays) Opportunities for professional growth and development Employee Assistance Programme Access to discounts on everyday shopping, entertainm…","{'__CLASS__': 'Adzuna::API::Response::Category', 'label': 'Scientific & QA Jobs', 'tag': 'scientific-qa-jobs'}",eyJhbGciOiJIUzI1NiJ9.eyJzIjoiRUdrdnNJUUg4Ukdldi1wNU5GRW12USIsImkiOiI1NjA0MDAzOTgwIn0.3TV673OyT1FqMIs_DA3EqKkjn6gWY4EC2nNyFBog6J0,-0.02806,51.451818,permanent
2025-11-04T02:36:46Z,"{'__CLASS__': 'Adzuna::API::Response::Company', 'display_name': 'Hays'}",5479251924,Adzuna::API::Response::Job,,Junior Estates Surveyor,38814.95,38814.95,https://www.adzuna.co.uk/jobs/land/ad/5479251924?se=EGkvsIQH8RGev-p5NFEmvQ&utm_medium=api&utm_source=aa88ce77&v=DE225A7B055FBD30B2E386D2E9DC06D338F748A0,1,"{'__CLASS__': 'Adzuna::API::Response::Location', 'area': ['UK', 'Eastern England', 'Essex'], 'display_name': 'Essex, Eastern England'}",Job Description Junior Estates Surveyor working on a client-side portfolio in Essex Your new company Excellent opportunity to join a privately owned property company based in central Essex who manage a substantial commercial and retail portfolio. You will be joining a friendly and inclusive organisation who are looking to expand their Asset Management team by appointing a Junior Surveyor. You will work alongside an experienced team and will benefit from excellent coaching and development opport…,"{'label': 'Trade & Construction Jobs', '__CLASS__': 'Adzuna::API::Response::Category', 'tag': 'trade-construction-jobs'}",eyJhbGciOiJIUzI1NiJ9.eyJzIjoiRUdrdnNJUUg4Ukdldi1wNU5GRW12USIsImkiOiI1NDc5MjUxOTI0In0.Z9ptsG-DFPSC7i367O-WNVPyFa89mc9pIE2hjeHT5os,0.546014,51.781756,
2026-01-26T21:44:26Z,"{'__CLASS__': 'Adzuna::API::Response::Company', 'display_name': 'Hays'}",5601257731,Adzuna::API::Response::Job,,Junior Data Analyst,28025.75,28025.75,https://www.adzuna.co.uk/jobs/land/ad/5601257731?se=EGkvsIQH8RGev-p5NFEmvQ&utm_medium=api&utm_source=aa88ce77&v=E7FC4351564B6859BF1949AD17410D2D8E85FA22,1,"{'display_name': 'Loughborough, Leicestershire', '__CLASS__': 'Adzuna::API::Response::Location', 'area': ['UK', 'East Midlands', 'Leicestershire', 'Loughborough']}","Job Description Junior Data Analyst | ASAP Start | Permanent Role | Loughborough Based Junior Data AnalystLoughborough £30,000 per annum Monday–Friday | Office‑based (Hybrid after probation) ASAP Start A fantastic opportunity has arisen for a motivated and detail‑driven Junior Data Analyst to join a growing organisation based in Loughborough. This role is perfect for someone who loves working with data, enjoys problem‑solving, and wants to develop their analytical skills within a supportive tea…","{'label': 'IT Jobs', '__CLASS__': 'Adzuna::API::Response::Category', 'tag': 'it-jobs'}",eyJhbGciOiJIUzI1NiJ9.eyJzIjoiRUdrdnNJUUg4Ukdldi1wNU5GRW12USIsImkiOiI1NjAxMjU3NzMxIn0.sjBHleHxoA0HdvqzyOuj0od3m9l_auKVCAGfcPczNlg,-1.20435,52.770802,permanent
2026-01-04T09:14:52Z,"{'__CLASS__': 'Adzuna::API::Response::Company', 'display_name': 'Hays'}",5566927974,Adzuna::API::Response::Job,,Junior Quantity Surveyor,35947.7,35947.7,https://www.adzuna.co.uk/jobs/land/ad/5566927974?se=EGkvsIQH8RGev-p5NFEmvQ&utm_medium=api&utm_source=aa88ce77&v=C202E3952EB643758CF8F2C78F7DEF18FC068994,1,"{'__CLASS__': 'Adzuna::API::Response::Location', 'area': ['UK', 'Northern Ireland', 'County Antrim', 'Antrim'], 'display_name': 'Antrim, County Antrim'}","Job Description Junior Quantity Suveyor- Antrim Your new company You will be joining a respected construction firm with a strong presence across Northern Ireland. The organisation is known for delivering high-quality projects and fostering a supportive environment where employees can grow their careers. Based in Antrim, the company continues to expand, offering excellent opportunities for ambitious professionals to gain hands-on experience and develop their expertise. Your new role As a Junior …","{'label': 'Trade & Construction Jobs', '__CLASS__': 'Adzuna::API::Response::Category', 'tag': 'trade-construction-jobs'}",eyJhbGciOiJIUzI1NiJ9.eyJzIjoiRUdrdnNJUUg4Ukdldi1wNU5GRW12USIsImkiOiI1NTY2OTI3OTc0In0.FBxyo0Wf1RCmq-2tblsePp-V_1pS9PlHsAkSymM4zUI,-6.21676,54.713402,
2026-01-04T09:14:44Z,"{'__CLASS__': 'Adzuna::API::Response::Company', 'display_name': 'Hays'}",5566927869,Adzuna::API::Response::Job,,Junior Quantity Surveyor,46098.25,46098.25,https://www.adzuna.co.uk/jobs/land/ad/5566927869?se=EGkvsIQH8RGev-p5NFEmvQ&utm_medium=api&utm_source=aa88ce77&v=73E31CAC6683B5DD386F008489DAE14138E6CAE2,1,"{'display_name': 'Belfast, Northern Ireland', '__CLASS__': 'Adzuna::API::Response::Location', 'area': ['UK', 'Northern Ireland', 'Belfast']}","Job Description Top Tier Contractor. UK Projects. Excellent Career Progression Your new company Due to significant growth and project wins, this Belfast-based Leading Contractor requires a Junior Quantity Surveyor to enhance their Commercial Team. The company are an award-winning UK construction and fit-out contractor, who have built their enviable reputation on the back of their holistic approach to projects, seeing each building as a single entity rather than an assembly of packages. Their me…","{'__CLASS__': 'Adzuna::API::Response::Category', 'label': 'Trade & Construction Jobs', 'tag': 'trade-construction-jobs'}",eyJhbGciOiJIUzI1NiJ9.eyJpIjoiNTU2NjkyNzg2OSIsInMiOiJFR2t2c0lRSDhSR2V2LXA1TkZFbXZRIn0.LGkgI92DceJpn3cMHCnuokqfjMbbFPEVJuv7bKmbDc4,,,permanent
2026-01-27T17:50:15Z,"{'__CLASS__': 'Adzuna::API::Response::Company', 'display_name': 'Ernest Gordon Recruitment Limited'}",5601963626,Adzuna::API::Response::Job,full_time,Junior Estimator,26000.0,30000.0,https://www.adzuna.co.uk/jobs/land/ad/5601963626?se=EGkvsIQH8RGev-p5NFEmvQ&utm_medium=api&utm_source=aa88ce77&v=9B854FC497A6CC72BF7EFF44C57F3264017EF528,0,"{'display_name': 'Manchester, Greater Manchester', 'area': ['UK', 'North West England', 'Greater Manchester', 'Manchester'], '__CLASS__': 'Adzuna::API::Response::Location'}","Junior Estimator (Furniture/Fit outs) £26,000 - £30,000  Overtime Health Insurance  Progression Manchester Do you have a background in Estimating/Kitchen Sales Design or similar looking to step into brand-new position with an expanding business that will invest in developing your estimation skills, provide you with a clear path to progression and fantastic company benefits?On offer is the chance to join a market-leading, globally renowned company that designs and manufactures commercial furnitu…","{'__CLASS__': 'Adzuna::API::Response::Category', 'label': 'Trade & Construction Jobs', 'tag': 'trade-construction-jobs'}",eyJhbGciOiJIUzI1NiJ9.eyJpIjoiNTYwMTk2MzYyNiIsInMiOiJFR2t2c0lRSDhSR2V2LXA1TkZFbXZRIn0.I9aEgoadPLpVEELzjqsYm3D1Ai2xsWT8-rh-adJMFNw,,,permanent
2026-01-29T23:46:56Z,"{'display_name': 'Brush Group', '__CLASS__': 'Adzuna::API::Response::Company'}",5605554201,Adzuna::API::Response::Job,full_time,Junior Planner,1.0,1.0,https://www.adzuna.co.uk/jobs/land/ad/5605554201?se=EGkvsIQH8RGev-p5NFEmvQ&utm_medium=api&utm_source=aa88ce77&v=67146176BFFE1AF10214A37B218DC83F3D1CEC47,0,"{'__CLASS__': 'Adzuna::API::Response::Location', 'area': ['UK', 'East Midlands', 'Leicestershire', 'Loughborough'], 'display_name': 'Loughborough, Leicestershire'}","Why choose us? BRUSH Group provides the energy solutions that help power our built world . From power transformers to switchgear and engineering solutions, for generations, the BRUSH brand has stood for engineering excellence.? We are committed to supporting the global effort for industrial decarbonisation and sustainable development and have set ambitious objectives to achieve our target of net zero greenhouse gas emissions by 2050. �? What's the role? We are seeking a proactive, detail-orient…","{'__CLASS__': 'Adzuna::API::Response::Category', 'label': 'Engineering Jobs', 'tag': 'engineering-jobs'}",eyJhbGciOiJIUzI1NiJ9.eyJpIjoiNTYwNTU1NDIwMSIsInMiOiJFR2t2c0lRSDhSR2V2LXA1TkZFbXZRIn0.M9BYuCnr4Jy0xXMXlN8HWjSVaAG4SWzBSGfOrnRu9r4,-1.20435,52.770802,permanent
2026-02-04T19:58:28Z,"{'__CLASS__': 'Adzuna::API::Response::Company', 'display_name': 'Reed'}",5614433962,Adzuna::API::Response::Job,full_time,Junior Surveyor,28480.81,28480.81,https://www.adzuna.co.uk/jobs/land/ad/5614433962?se=EGkvsIQH8RGev-p5NFEmvQ&utm_medium=api&utm_source=aa88ce77&v=8C2641716ED456574DC0E2285DB9DB503D424CB5,1,"{'display_name': ""King's Lynn, Norfolk"", '__CLASS__': 'Adzuna::API::Response::Location', 'area': ['UK', 'Eastern England', 'Norfolk', ""King's Lynn""]}","Are you ready to make a real difference in people’s lives while building a rewarding career? At Freebridge Community Housing , we’re passionate about creating safe, healthy homes for our residents—and we’re looking for someone who shares that commitment. As a Junior Surveyor , you’ll join a forward-thinking compliance team tackling some of the most important challenges in housing today. This is your chance to play a key role in improving living conditions and shaping services that truly matter.…","{'label': 'Trade & Construction Jobs', '__CLASS__': 'Adzuna::API::Response::Category', 'tag': 'trade-construction-jobs'}",eyJhbGciOiJIUzI1NiJ9.eyJzIjoiRUdrdnNJUUg4Ukdldi1wNU5GRW12USIsImkiOiI1NjE0NDMzOTYyIn0.XkXSIAmKloiCMNBn1zl_72wseq0zh_diCs--_tY94Ko,0.395357,52.751999,permanent
2026-02-02T07:19:20Z,"{'__CLASS__': 'Adzuna::API::Response::Company', 'display_name': 'Ernest Gordon Recruitment'}",5610069714,Adzuna::API::Response::Job,,Junior Maintenance Technician,30000.0,30000.0,https://www.adzuna.co.uk/jobs/land/ad/5610069714?se=EGkvsIQH8RGev-p5NFEmvQ&utm_medium=api&utm_source=aa88ce77&v=CB633F696058557C2D3327B4D215488CFECF1D93,0,"{'display_name': 'Andover, Hampshire', '__CLASS__': 'Adzuna::API::Response::Location', 'area': ['UK', 'South East England', 'Hampshire', 'Andover']}","Junior Maintenance Technician £30,000 - £31,000  Overtime  33 Days Holiday  Bonus  Life Assurance  Sick Pay  4% Pension Andover, Hampshire Are you an aspiring Maintenance Technician looking to join a dynamic and forward-thinking company who will invest into your development, offering ongoing shadowing and external manufacturer courses to boost your mechanical and electrical skill set? Are you looking to join a market-leading manufacturer where you will have the opportunity to help set up machin…","{'tag': 'engineering-jobs', 'label': 'Engineering Jobs', '__CLASS__': 'Adzuna::API::Response::Category'}",eyJhbGciOiJIUzI1NiJ9.eyJpIjoiNTYxMDA2OTcxNCIsInMiOiJFR2t2c0lRSDhSR2V2LXA1TkZFbXZRIn0.Ks9te3mNyvMrK4SNRZAuVKXSDb48CCa0-B63CW1ZT7k,-1.47835,51.209301,permanent
2026-01-28T13:06:02Z,"{'display_name': 'Newto Training', '__CLASS__': 'Adzuna::API::Response::Company'}",5603208618,Adzuna::API::Response::Job,full_time,Junior Ethical Hacker (Guaranteed Placement),41556.87,41556.87,https://www.adzuna.co.uk/jobs/land/ad/5603208618?se=EGkvsIQH8RGev-p5NFEmvQ&utm_medium=api&utm_source=aa88ce77&v=C6E70D8689865F16D7F32E14A88E8CBEE2DE7782,1,"{'__CLASS__': 'Adzuna::API::Response::Location', 'area': ['UK'], 'display_name': 'UK'}","Are you ready to start an ethical hacking career? The demand for newly trained and qualified cyber security professionals has never been greater, offering excellent opportunities for growth and a wide range of benefits. Companies across the globe are working to protect themselves from the increasing threat of cyber attacks. We help you develop the skills required through four globally recognised qualifications, real-world project work, and practical training—so you can be fully prepared to laun…","{'tag': 'it-jobs', 'label': 'IT Jobs', '__CLASS__': 'Adzuna::API::Response::Category'}",eyJhbGciOiJIUzI1NiJ9.eyJzIjoiRUdrdnNJUUg4Ukdldi1wNU5GRW12USIsImkiOiI1NjAzMjA4NjE4In0.eO7F8hhMNenYA1iFmsKgPHjqUXDnopERL_WlWR5oPS0,,,permanent
2026-01-31T09:28:06Z,"{'display_name': 'Roundhouse Recruitment Limited', '__CLASS__': 'Adzuna::API::Response::Company'}",5607343192,Adzuna::API::Response::Job,,Junior Service Engineer,26000.0,26000.0,https://www.adzuna.co.uk/jobs/land/ad/5607343192?se=EGkvsIQH8RGev-p5NFEmvQ&utm_medium=api&utm_source=aa88ce77&v=1BE4B01E4DEF54256A75F85FE902D4FBBC06AA47,0,"{'__CLASS__': 'Adzuna::API::Response::Location', 'area': ['UK', 'East Midlands', 'Northamptonshire', 'Towcester'], 'display_name': 'Towcester, Northamptonshire'}","Junior Service Engineer (Breweries / Wineries) - Full Training and Progression £24,000 - £27,000  Overtime (1.5x)  Full Training  Fast Salary increases  Clear Progression Milton Keynes | Travel included Kick-start your Engineering career with full training, fast progression and salary enhancements This is a rare opportunity for a motivated Junior Engineer or hands-on Operative to step into a Field Service Engineer career path within the high-end Food & Beverage manufacturing sector. You'll rece…","{'__CLASS__': 'Adzuna::API::Response::Category', 'label': 'Engineering Jobs', 'tag': 'engineering-jobs'}",eyJhbGciOiJIUzI1NiJ9.eyJpIjoiNTYwNzM0MzE5MiIsInMiOiJFR2t2c0lRSDhSR2V2LXA1TkZFbXZRIn0.kijzpubP8eyJJm_QBKLsmPG3AzmqQ690PEtRCH5DKrw,-0.988415,52.132,permanent
2026-01-24T06:37:38Z,"{'display_name': 'Interaction - Bristol', '__CLASS__': 'Adzuna::API::Response::Company'}",5598537662,Adzuna::API::Response::Job,,Junior Pastry Chef,35000.0,35000.0,https://www.adzuna.co.uk/jobs/land/ad/5598537662?se=EGkvsIQH8RGev-p5NFEmvQ&utm_medium=api&utm_source=aa88ce77&v=AF2986AA9FAD3F2F690F90F9EEEA055F6B1977A7,0,"{'display_name': 'Oxford, Oxfordshire', '__CLASS__': 'Adzuna::API::Response::Location', 'area': ['UK', 'South East England', 'Oxfordshire', 'Oxford']}","Job Description An esteemed graduate college affiliated with a leading university is seeking an inspiring and professional Junior Pastry Sous Chef to join their team through our agency. The successful candidate will play a key role in overseeing kitchen operations and ensuring all food is prepared to a high standard. The Role As a Junior Pastry Sous Chef, you will lead by example, providing motivation and inspiration to the team. You will demonstrate high levels of skill in food preparation and…","{'__CLASS__': 'Adzuna::API::Response::Category', 'label': 'Hospitality & Catering Jobs', 'tag': 'hospitality-catering-jobs'}",eyJhbGciOiJIUzI1NiJ9.eyJpIjoiNTU5ODUzNzY2MiIsInMiOiJFR2t2c0lRSDhSR2V2LXA1TkZFbXZRIn0.7PsCNPU1T4BSof4lKsR9rC5tvg1he_gQ2cQzVlNiX8U,-1.25588,51.7523,permanent
2026-02-10T12:45:50Z,"{'__CLASS__': 'Adzuna::API::Response::Company', 'display_name': 'Brend Hotels'}",5622565955,Adzuna::API::Response::Job,,Junior Assistant Manager,30000.0,30000.0,https://www.adzuna.co.uk/jobs/land/ad/5622565955?se=EGkvsIQH8RGev-p5NFEmvQ&utm_medium=api&utm_source=aa88ce77&v=9AA0FC2BE2B5D86D9C9B2986521A49ED7F9C0094,0,"{'display_name': 'Bowd Corner, Sidmouth', 'area': ['UK', 'South West England', 'Devon', 'Sidmouth', 'Bowd Corner'], '__CLASS__': 'Adzuna::API::Response::Location'}","Junior Assistant Manager When registering to this job board you will be redirected to the online application form. Please ensure that this is completed in full in order that your application can be reviewed. Deadline to apply: 13th February 2026 As a Junior Assistant Manager at The Belmont Hotel, you will need to be able to work using your own initiative and be able to perform effectively as part of an established team, Youll have a positive and energetic nature and understand how to achieve hi…","{'label': 'Hospitality & Catering Jobs', '__CLASS__': 'Adzuna::API::Response::Category', 'tag': 'hospitality-catering-jobs'}",eyJhbGciOiJIUzI1NiJ9.eyJpIjoiNTYyMjU2NTk1NSIsInMiOiJFR2t2c0lRSDhSR2V2LXA1TkZFbXZRIn0.XW6fVWLiHcgV4YFdpzJzcrO8yqFeDnruW9zQX1sEqeo,-3.243101,50.677541,permanent
2026-01-28T09:22:44Z,"{'__CLASS__': 'Adzuna::API::Response::Company', 'display_name': 'Roundhouse Recruitment Limited'}",5603018528,Adzuna::API::Response::Job,,Junior Service Engineer,26000.0,26000.0,https://www.adzuna.co.uk/jobs/land/ad/5603018528?se=EGkvsIQH8RGev-p5NFEmvQ&utm_medium=api&utm_source=aa88ce77&v=A6E424A8CAB8BEE2BFB7811F8BE37B24F80DFE06,0,"{'__CLASS__': 'Adzuna::API::Response::Location', 'area': ['UK', 'East Midlands', 'Northamptonshire', 'Towcester'], 'display_name': 'Towcester, Northamptonshire'}","Junior Service Engineer (Breweries / Wineries) - Full Training and Progression £24,000 - £27,000  Overtime (1.5x)  Full Training  Fast Salary increases  Clear Progression Milton Keynes | Travel included Kick-start your Engineering career with full training, paid overtime (1.5x standard rate) and fast progression. This is a rare opportunity for an aspiring Engineer looking to get kick-start their career with full training and progression to be a fully qualified Service Engineer in the manufactur…","{'__CLASS__': 'Adzuna::API::Response::Category', 'label': 'Engineering Jobs', 'tag': 'engineering-jobs'}",eyJhbGciOiJIUzI1NiJ9.eyJpIjoiNTYwMzAxODUyOCIsInMiOiJFR2t2c0lRSDhSR2V2LXA1TkZFbXZRIn0.GSYVkWzcUR5J-MF9SqQo6zy1jHJO2o20nSrm_DUPeMI,-0.988415,52.132,permanent
2026-01-25T11:17:47Z,"{'display_name': 'Ernest Gordon Recruitment', '__CLASS__': 'Adzuna::API::Response::Company'}",5600019826,Adzuna::API::Response::Job,,Junior Architectural Technologist,35000.0,35000.0,https://www.adzuna.co.uk/jobs/land/ad/5600019826?se=EGkvsIQH8RGev-p5NFEmvQ&utm_medium=api&utm_source=aa88ce77&v=193C63D88070E58ACBD01EA257EB4D7DB9188D32,0,"{'area': ['UK', 'South West England', 'Devon', 'Barnstaple'], '__CLASS__': 'Adzuna::API::Response::Location', 'display_name': 'Barnstaple, Devon'}","Architectural Technologist £30,000 - £35,000  Training  Progression  Company Benefits  Funded Staff Events Devon Are you a Junior Architectural Technologist looking to join a close-knit, successful company who are known for valuing their employees and investing in their technical development through training and progression opportunities? Do you want to join a thriving practice which cover a wide range of properties and conversions across Devon on planning and designs? The company is a chartere…","{'__CLASS__': 'Adzuna::API::Response::Category', 'label': 'Trade & Construction Jobs', 'tag': 'trade-construction-jobs'}",eyJhbGciOiJIUzI1NiJ9.eyJpIjoiNTYwMDAxOTgyNiIsInMiOiJFR2t2c0lRSDhSR2V2LXA1TkZFbXZRIn0.JwqpndOdPb7Zolrj6V_vOryKK47GoPsUyw5DSRTE8dY,-4.05823,51.080601,permanent
2026-01-28T09:37:22Z,"{'__CLASS__': 'Adzuna::API::Response::Company', 'display_name': 'Ernest Gordon Recruitment'}",5603030587,Adzuna::API::Response::Job,,Junior Recruitment Consultant,28000.0,28000.0,https://www.adzuna.co.uk/jobs/land/ad/5603030587?se=EGkvsIQH8RGev-p5NFEmvQ&utm_medium=api&utm_source=aa88ce77&v=B48270D6AAAA93B3A9A09CD32A200B77C5C042AA,0,"{'area': ['UK', 'South West England', 'Devon', 'Exeter'], '__CLASS__': 'Adzuna::API::Response::Location', 'display_name': 'Exeter, Devon'}","Junior Recruitment Consultant £28,000 rising to £32,000 when promoted  Uncapped Commission Structure up to 40% (OTE £50K)  Enhanced Holiday Allowance  Training  Rapid Progression  Pension  Company Benefits Exeter Are you looking to start a career in Sales or Recruitment and want to join a company that offer unrivalled training, support and clear career progression to management? Would you like the opportunity to be rewarded for your hard work and enhance your salary package with uncapped commis…","{'tag': 'consultancy-jobs', 'label': 'Consultancy Jobs', '__CLASS__': 'Adzuna::API::Response::Category'}",eyJhbGciOiJIUzI1NiJ9.eyJpIjoiNTYwMzAzMDU4NyIsInMiOiJFR2t2c0lRSDhSR2V2LXA1TkZFbXZRIn0.ETtquFNZinOU_778PRIohJ7_vbarYHVR60QR0s4cMaA,-3.53362,50.721802,permanent
2026-01-15T09:41:21Z,"{'__CLASS__': 'Adzuna::API::Response::Company', 'display_name': 'Interaction - Northampton'}",5585930636,Adzuna::API::Response::Job,,Junior Sous Chef,30000.0,30000.0,https://www.adzuna.co.uk/jobs/land/ad/5585930636?se=EGkvsIQH8RGev-p5NFEmvQ&utm_medium=api&utm_source=aa88ce77&v=F56E464892320D042B56EC7D496EEBD741811D62,0,"{'display_name': 'Oxford, Oxfordshire', 'area': ['UK', 'South East England', 'Oxfordshire', 'Oxford'], '__CLASS__': 'Adzuna::API::Response::Location'}","Interaction Recruitment PLC are currently seeking a Chef for their healthcare client as below. Role: Junior Sous Chef Rota: 45hr contract, 5 out of 7 days per week, working 07:00-19:00 or 08:00-20:00 Location: Oxford Salary, benefits & perks: • Lucrative basic salary based on experience • Overtime pay or time in lieu and paid breaks • 28 days annual leave – increasing with length of service • Better work life balance, finishing no later than 20:00 • Generous pension plan • Career development an…","{'tag': 'hospitality-catering-jobs', 'label': 'Hospitality & Catering Jobs', '__CLASS__': 'Adzuna::API::Response::Category'}",eyJhbGciOiJIUzI1NiJ9.eyJpIjoiNTU4NTkzMDYzNiIsInMiOiJFR2t2c0lRSDhSR2V2LXA1TkZFbXZRIn0.SWPY4cCen1QRs_bKNRJdkMxGgkmo7hcrr_rkD11gQvA,-1.25588,51.7523,permanent
2026-02-11T16:54:10Z,"{'__CLASS__': 'Adzuna::API::Response::Company', 'display_name': 'Butlins'}",5624424150,Adzuna::API::Response::Job,,Junior Kitchen Manager,27213.95,27213.95,https://www.adzuna.co.uk/jobs/land/ad/5624424150?se=EGkvsIQH8RGev-p5NFEmvQ&utm_medium=api&utm_source=aa88ce77&v=A9B560AA93F34D8790F1052CCADD6F73197A81E3,1,"{'__CLASS__': 'Adzuna::API::Response::Location', 'area': ['UK', 'East Midlands', 'Lincolnshire', 'Skegness', 'Roman Bank'], 'display_name': 'Roman Bank, Skegness'}","Description About the role Were looking for a Junior Kitchen Manager to join the Butlin's Restaurants Department based in Skegness. Reporting to the Kitchen Manager, you will support the running of the kitchen and support in leading a large team of amazing chefs. As well a stepping up in the Kitchen Managers absence. You will be passionate about exceptional experience and will monitor this regularly to develop action plans in your venue with a focus on continuous improvement. Have great leaders…","{'tag': 'hospitality-catering-jobs', '__CLASS__': 'Adzuna::API::Response::Category', 'label': 'Hospitality & Catering Jobs'}",eyJhbGciOiJIUzI1NiJ9.eyJpIjoiNTYyNDQyNDE1MCIsInMiOiJFR2t2c0lRSDhSR2V2LXA1TkZFbXZRIn0.iltc2Ps6ACgftDywtL8NBhYZdIZlGIJqX5q32cnO2po,0.349911,53.178179,
2026-01-22T06:30:00Z,"{'__CLASS__': 'Adzuna::API::Response::Company', 'display_name': 'Rocket Staffing Group Limited'}",5595234140,Adzuna::API::Response::Job,,Junior HGV Technician,40000.0,40000.0,https://www.adzuna.co.uk/jobs/land/ad/5595234140?se=EGkvsIQH8RGev-p5NFEmvQ&utm_medium=api&utm_source=aa88ce77&v=8B78A14E7204C875D394678423B1883176716B81,0,"{'display_name': 'Ufford, Woodbridge', '__CLASS__': 'Adzuna::API::Response::Location', 'area': ['UK', 'Eastern England', 'Suffolk', 'Woodbridge', 'Ufford']}","Job Title: Junior Upskill HGVTechnician Address: Woodbridge, Suffolk Salary: £38,000- £40,000per annum Hours: 40 hours per week, 6am to 3pm and following week 9am to 6pm Role Type: Permanent We are recruiting on behalf of our client. Are you a technician looking to gain your qualification? Do you have a strong back ground in maintenance, diagnostics and repair? Are you looking to upskill? Is yes, we will put you in our team to help you learn and even put you through your NVQ course. Be part of …","{'tag': 'logistics-warehouse-jobs', '__CLASS__': 'Adzuna::API::Response::Category', 'label': 'Logistics & Warehouse Jobs'}",eyJhbGciOiJIUzI1NiJ9.eyJzIjoiRUdrdnNJUUg4Ukdldi1wNU5GRW12USIsImkiOiI1NTk1MjM0MTQwIn0.EBoEVRKM4P91Bf4Jaf3HvUto05_LNDDAdd_Ro39A1KY,1.34529,52.12002,permanent
